ID	Gene Name	Sequence	Protein Sequence
YBR112C	CYC8	ATGAATCCGGGCGGTGAACAAACAATAATGGAACAACCCGCTCAACAGCAACAACAACAGCAACAACAACAGCAGCAACAGCAACAGCAGGCAGCAGTTCCTCAGCAGCCACTCGACCCATTAACACAATCAACTGCGGAAACTTGGCTCTCCATTGCTTCTTTGGCAGAAACCCTTGGTGATGGCGACAGGGCCGCAATGGCATATGACGCCACTTTACAGTTCAATCCCTCATCTGCAAAGGCTTTAACATCTTTGGCTCACTTGTACCGTTCCAGAGACATGTTCCAAAGAGCTGCAGAATTATATGAAAGAGCACTTTTGGTAAATCCCGAACTATCAGATGTGTGGGCTACTTTAGGTCATTGTTATCTGATGCTGGATGATCTGCAAAGAGCTTACAATGCCTATCAACAGGCTCTCTACCACCTCAGTAATCCCAACGTACCGAAATTATGGCATGGAATCGGCATTCTTTATGACAGATATGGTTCGCTCGACTATGCCGAAGAAGCTTTTGCCAAAGTTTTGGAATTGGACCCTCATTTTGAAAAGGCAAACGAAATTTACTTCAGACTAGGTATTATTTATAAACATCAGGGTAAATGGTCTCAAGCTTTGGAATGCTTCAGATACATTCTCCCTCAACCTCCTGCTCCCTTGCAGGAGTGGGACATATGGTTTCAGTTGGGTAGTGTTTTGGAGAGTATGGGAGAGTGGCAAGGTGCGAAGGAAGCCTACGAGCATGTCTTGGCTCAAAATCAACATCATGCCAAAGTATTACAACAATTAGGTTGTCTTTACGGTATGAGTAACGTACAATTTTATGACCCTCAAAAGGCATTGGATTATCTTCTAAAGTCGTTAGAAGCAGATCCCTCCGATGCCACTACATGGTACCATCTCGGTAGAGTGCATATGATTAGAACAGATTATACTGCCGCATATGATGCTTTCCAACAAGCTGTTAATAGAGATTCAAGAAACCCTATCTTTTGGTGCTCAATCGGTGTTTTATATTACCAAATTTCTCAATACAGAGACGCCTTAGACGCGTACACAAGAGCCATAAGATTAAATCCTTATATTAGTGAAGTTTGGTACGATCTAGGTACTCTTTACGAAACTTGTAACAACCAATTATCTGACGCCCTTGATGCGTATAAGCAAGCTGCAAGACTGGACGTAAATAATGTTCACATAAGAGAAAGATTAGAAGCTTTAACAAAGCAGTTAGAAAACCCAGGCAATATAAACAAATCGAACGGTGCGCCAACGAATGCCTCTCCTGCCCCACCTCCTGTGATTTTACAACCTACCTTACAACCTAATGATCAAGGAAATCCTTTGAACACTAGAATTTCAGCCCAATCTGCCAATGCTACTGCTTCAATGGTACAACAACAGCATCCTGCTCAACAAACGCCTATTAACTCTTCTGCAACAATGTACAGTAATGGAGCTTCCCCTCAATTACAAGCTCAAGCTCAAGCTCAAGCTCAAGCACAAGCTCAAGCACAAGCACAAGCTCAAGCACAAGCACAAGCACAAGCGCAAGCACAAGCACAAGCACAGGCGCAAGCACAGGCACAAGCACAAGCACAAGCACATGCACAAGCGCAAGCACAAGCACAAGCACAGGCACAAGCACAAGCACAGGCGCAGGCACAACAACAACAACAACAACAGCAACAACAACAACAACAACAACAACAACAACAACAACAACAACAACAACAACAACAACAACAGCAGCAGCAATTACAGCCCCTACCAAGACAACAGCTGCAGCAAAAGGGAGTTTCTGTGCAAATGTTAAATCCTCAACAAGGGCAACCATATATCACACAGCCAACAGTCATACAAGCTCACCAACTGCAACCATTTTCTACACAAGCTATGGAACATCCGCAAAGCTCTCAACTGCCACCTCAACAGCAACAACTACAATCTGTTCAACATCCACAACAACTTCAAGGCCAGCCTCAAGCCCAAGCTCCCCAACCTTTAATCCAGCATAACGTGGAACAGAACGTTTTACCTCAAAAGAGATACATGGAAGGTGCAATCCACACTTTAGTAGATGCCGCCGTATCCAGTAGCACCCACACAGAGAATAACACAAAGTCTCCTCGTCAACCAACCCATGCCATTCCAACGCAAGCTCCCGCAACAGGAATAACGAACGCTGAACCACAGGTAAAGAAGCAAAAGTTGAACTCTCCAAATTCAAACATCAACAAATTAGTAAATACTGCTACTTCCATTGAAGAAAATGCAAAATCTGAGGTGAGCAACCAATCGCCAGCAGTAGTGGAGTCTAATACCAATAATACTTCACAAGAAGAAAAACCTGTAAAAGCAAACTCAATACCTTCAGTAATTGGCGCACAGGAACCTCCACAGGAAGCTAGTCCTGCTGAAGAAGCTACCAAAGCAGCTTCTGTTTCTCCTTCTACAAAACCGCTTAATACGGAACCAGAGTCATCTAGTGTCCAACCAACTGTATCATCAGAAAGTTCAACAACAAAAGCAAATGACCAAAGCACTGCTGAGACCATAGAACTTTCTACTGCTACTGTTCCTGCAGAAGCAAGCCCTGTAGAAGACGAAGTAAGACAGCATTCTAAAGAGGAAAACGGCACAACTGAAGCATCTGCACCTTCTACTGAAGAGGCGGAGCCAGCAGCTTCCAGAGATGCTGAAAAACAACAAGATGAAACCGCTGCTACAACGATAACTGTAATCAAACCTACTTTGGAAACAATGGAAACAGTGAAAGAGGAGGCCAAAATGCGTGAGGAAGAGCAAACATCTCAAGAAAAATCCCCACAGGAGAACACACTTCCAAGAGAAAATGTAGTAAGGCAAGTGGAAGAAGATGAAAACTACGACGACTAA	MNPGGEQTIMEQPAQQQQQQQQQQQQQQQQAAVPQQPLDPLTQSTAETWLSIASLAETLGDGDRAAMAYDATLQFNPSSAKALTSLAHLYRSRDMFQRAAELYERALLVNPELSDVWATLGHCYLMLDDLQRAYNAYQQALYHLSNPNVPKLWHGIGILYDRYGSLDYAEEAFAKVLELDPHFEKANEIYFRLGIIYKHQGKWSQALECFRYILPQPPAPLQEWDIWFQLGSVLESMGEWQGAKEAYEHVLAQNQHHAKVLQQLGCLYGMSNVQFYDPQKALDYLLKSLEADPSDATTWYHLGRVHMIRTDYTAAYDAFQQAVNRDSRNPIFWCSIGVLYYQISQYRDALDAYTRAIRLNPYISEVWYDLGTLYETCNNQLSDALDAYKQAARLDVNNVHIRERLEALTKQLENPGNINKSNGAPTNASPAPPPVILQPTLQPNDQGNPLNTRISAQSANATASMVQQQHPAQQTPINSSATMYSNGASPQLQAQAQAQAQAQAQAQAQAQAQAQAQAQAQAQAQAQAQAQAQAQAHAQAQAQAQAQAQAQAQAQAQQQQQQQQQQQQQQQQQQQQQQQQQQQQQQQLQPLPRQQLQQKGVSVQMLNPQQGQPYITQPTVIQAHQLQPFSTQAMEHPQSSQLPPQQQQLQSVQHPQQLQGQPQAQAPQPLIQHNVEQNVLPQKRYMEGAIHTLVDAAVSSSTHTENNTKSPRQPTHAIPTQAPATGITNAEPQVKKQKLNSPNSNINKLVNTATSIEENAKSEVSNQSPAVVESNTNNTSQEEKPVKANSIPSVIGAQEPPQEASPAEEATKAASVSPSTKPLNTEPESSSVQPTVSSESSTTKANDQSTAETIELSTATVPAEASPVEDEVRQHSKEENGTTEASAPSTEEAEPAASRDAEKQQDETAATTITVIKPTLETMETVKEEAKMREEEQTSQEKSPQENTLPRENVVRQVEEDENYDD
YCL028W	RNQ1	ATGGATACGGATAAGTTAATCTCAGAGGCTGAGTCTCATTTTTCTCAAGGAAACCATGCAGAAGCTGTTGCGAAGTTGACATCCGCAGCTCAGTCGAACCCCAATGACGAGCAAATGTCAACTATTGAATCATTAATTCAAAAAATCGCAGGATACGTCATGGACAACCGTAGTGGTGGTAGTGACGCCTCGCAAGATCGTGCTGCTGGTGGTGGTTCATCTTTTATGAACACTTTAATGGCAGACTCTAAGGGTTCTTCCCAAACGCAACTAGGAAAACTAGCTTTGTTAGCCACAGTGATGACACACTCATCAAATAAAGGTTCTTCTAACAGAGGGTTTGACGTAGGGACTGTCATGTCAATGCTAAGTGGTTCTGGCGGCGGGAGCCAAAGTATGGGTGCTTCCGGCCTGGCTGCCTTGGCTTCTCAATTCTTTAAGTCAGGTAACAATTCCCAAGGTCAGGGACAAGGTCAAGGTCAAGGTCAAGGTCAAGGACAAGGTCAAGGTCAAGGTTCTTTTACTGCTTTGGCGTCTTTGGCTTCATCTTTCATGAATTCCAACAACAATAATCAGCAAGGTCAAAATCAAAGCTCCGGTGGTTCCTCCTTTGGAGCACTGGCTTCTATGGCAAGCTCTTTTATGCATTCCAATAATAATCAGAACTCCAACAATAGTCAACAGGGCTATAACCAATCCTATCAAAACGGTAACCAAAATAGTCAAGGTTACAATAATCAACAGTACCAAGGTGGCAACGGTGGTTACCAACAACAACAGGGACAATCTGGTGGTGCTTTTTCCTCATTGGCCTCCATGGCTCAATCTTACTTAGGTGGTGGACAAACTCAATCCAACCAACAGCAATACAATCAACAAGGCCAAAACAACCAGCAGCAATACCAGCAACAAGGCCAAAACTATCAGCATCAACAACAGGGTCAGCAGCAGCAACAAGGCCACTCCAGTTCATTCTCAGCTTTGGCTTCCATGGCAAGTTCCTACCTGGGCAATAACTCCAATTCAAATTCGAGTTATGGGGGCCAGCAACAGGCTAATGAGTATGGTAGACCGCAACAGAATGGTCAACAGCAATCCAATGAGTACGGAAGACCGCAATACGGCGGAAACCAGAACTCCAATGGACAGCACGAATCCTTCAATTTTTCTGGCAACTTTTCTCAACAGAACAATAACGGCAACCAGAACCGCTACTGA	MDTDKLISEAESHFSQGNHAEAVAKLTSAAQSNPNDEQMSTIESLIQKIAGYVMDNRSGGSDASQDRAAGGGSSFMNTLMADSKGSSQTQLGKLALLATVMTHSSNKGSSNRGFDVGTVMSMLSGSGGGSQSMGASGLAALASQFFKSGNNSQGQGQGQGQGQGQGQGQGQGSFTALASLASSFMNSNNNNQQGQNQSSGGSSFGALASMASSFMHSNNNQNSNNSQQGYNQSYQNGNQNSQGYNNQQYQGGNGGYQQQQGQSGGAFSSLASMAQSYLGGGQTQSNQQQYNQQGQNNQQQYQQQGQNYQHQQQGQQQQQGHSSSFSALASMASSYLGNNSNSNSSYGGQQQANEYGRPQQNGQQQSNEYGRPQYGGNQNSNGQHESFNFSGNFSQQNNNGNQNRY
YCR033W	SNT1	ATGGGGTATCCGCCACCTACACGAAGGCTTGGAGATAAGAAAAGGTACCATTATTCCAATAATCCTAACCGAAGGCATCCTTCCGCTGTTTATTCCAAGAATAGCTTTCCAAAATCAAGCAATAATGGATTTGTATCTTCTCCTACTGCCGATAATTCAACAAATCCGTCTGTAACTCCCAGTACTGCATCTGTACCTCTTCCTACAGCGGCACCTGGAAGCACGTTTGGTATCGAAGCACCCAGGCCATCTCGATATGATCCGAGCTCAGTCAGTAGGCCTTCGTCATCATCTTATTCGTCAACAAGAAAAATTGGAAGCCGTTATAACCCAGATGTGGAAAGATCCTCTTCAACCACTAGTTCAACTCCGGAAAGTATGAATACGAGCACCATAACACACACCAATACGGATATCGGAAACTCACGCTATTCTCGAAAAACCATGAGCAGATATAATCCTCAATCTACTAGTTCTACAAACGTTACCCACTTTCCCTCGGCATTATCAAACGCTCCACCGTTTTATGTTGCCAACGGGAGTTCTCGGAGACCTCGATCAATGGATGATTATAGTCCTGATGTAACGAACAAGCTCGAAACAAATAATGTTTCATCTGTTAATAATAACAGCCCTCATTCTTATTACTCTAGGAGCAACAAATGGAGATCCATTGGAACGCCTTCCAGACCACCATTTGATAATCATGTCGGCAATATGACGACCACCAGCAATACTAACTCGATCCATCAAAGGGAACCTTTTTGGAAAGCAAATAGTACTACTATTTTAAAATCAACTCATTCACAGTCATCGCCTTCCCTTCATACTAAAAAATTTCACGATGCGAATAAATTGGACAAACCAGAGGCTTCAGTTAAAGTTGAAACACCCAGTAAAGATGAGACAAAAGCCATATCGTACCATGATAACAATTTTCCACCAAGAAAATCAGTTTCTAAACCTAATGCACCTTTAGAACCCGATAATATCAAGGTTGGCGAAGAAGATGCATTGGGGAAAAAAGAAGTACATAAAAGTGGGCGTGAGATAGCAAAGGAACATCCTACTCCTGTAAAAATGAAAGAGCATGATGAACTAGAAGCTCGCGCTAAAAAAGTAAGTAAAATCAATATTGATGGAAAGCAGGACGAAATTTGGACGACGGCAAAAACAGTGGCCAGTGCAGTCGAAGTTTCCAAAGAAAGTCAAAAGGAACTAACACGCTCTGTTGAAAGGAAGGAAAGCCCAGAAATTAGAGATTATGAAAGAGCATACGATCCGAAAGCCCTGAAAACAGACGTAACAAAGTTGACAGTAGACAATGATAATAAAAGTTACGAAGAACCTCTTGAAAAAGTGGAGGGGTGTATTTTCCCATTACCAAAAGCAGAAACGAGATTATGGGAATTGAAAAACCAGAAAAGAAACAAAATAATAAGTGAACAAAAGTACTTACTGAAAAAGGCAATTAGGAATTTCTCAGAGTATCCTTTTTACGCACAGAACAAACTTATACATCAGCAGGCTACCGGACTTATCTTGACGAAAATTATATCAAAGATAAAAAAGGAAGAACATTTGAAAAAAATAAATTTAAAACATGATTATTTCGATCTCCAGAAGAAGTATGAAAAAGAATGCGAAATTTTGACTAAACTGAGTGAAAATTTAAGGAAGGAAGAAATCGAAAATAAACGTAAAGAGCACGAACTAATGGAGCAGAAAAGACGTGAAGAAGGTATCGAAACAGAAAAGGAAAAAAGCTTACGGCATCCATCCTCGTCTTCCTCATCTCGTCGCAGAAATAGGGCTGACTTCGTTGATGATGCGGAAATGGAAAATGTATTGCTACAAATCGACCCAAATTATAAACATTATCAGGCTGCTGCAACAATTCCTCCGCTAATTTTAGATCCAATCCGCAAACACTCTTACAAATTCTGTGATGTAAATAACTTGGTTACAGACAAAAAGCTTTGGGCGTCTAGAATATTGAAAGACGCCTCTGACAACTTTACTGACCATGAGCACTCTTTATTTTTGGAGGGTTATTTAATTCATCCTAAAAAATTTGGTAAAATTTCTCACTACATGGGCGGCTTAAGAAGTCCTGAAGAGTGTGTCCTACATTATTATAGAACAAAGAAAACTGTGAATTATAAACAACTTCTTATCGATAAGAACAAGAAAAGAAAAATGTCAGCCGCTGCCAAGCGCCGCAAGAGGAAGGAAAGAAGTAATGACGAGGAAGTCGAAGTTGATGAGAGTAAAGAAGAGTCAACGAACACGATAGAGAAGGAAGAAAAAAGTGAGAACAATGCCGAGGAAAATGTTCAGCCGGTTCTAGTTCAAGGTTCTGAAGTGAAAGGTGATCCATTAGGTACACCGGAAAAAGTTGAAAATATGATTGAACAGAGAGGCGAAGAGTTTGCAGGTGAATTGGAAAATGCTGAGAGGGTAAACGACTTAAAAAGGGCGCATGATGAAGTTGGAGAAGAGAGCAATAAGTCCAGTGTAATAGAAACCAACAATGGGGTACAAATAATGGATCCAAAAGGAGCTGTTCAGAATGGTTATTATCCAGAGGAGACCAAAGAACTTGACTTCAGTTTAGAGAATGCGTTACAGAGAAAGAAACACAAATCTGCACCAGAGCATAAAACAAGTTATTGGAGTGTTCGTGAATCTCAACTCTTTCCAGAATTGTTGAAGGAGTTTGGCTCTCAATGGTCTCTCATATCAGAAAAACTGGGTACCAAATCTACTACAATGGTAAGGAATTACTACCAAAGAAATGCAGCTCGCAATGGATGGAAATTACTGGTTGATGAAACCGACTTAAAGCGAGATGGGACTAGTTCAGAATCTGTACAACAATCTCAAATTTTGATACAACCAGAACGACCAAACATCAATGCCTATAGTAATATTCCTCCTCAACAAAGACCGGCTTTGGGTTATTTTGTTGGACAACCAACTCATGGGCATAATACATCTATTTCATCTATCGATGGCTCTATAAGACCATTTGGGCCTGATTTTCATCGTGATACCTTTTCTAAAATTAGTGCTCCTTTAACCACTTTACCACCACCAAGACTACCATCTATTCAGTTTCCTCGTTCAGAAATGGCAGAACCTACAGTGACAGATTTGCGTAACAGGCCCTTAGACCATATTGACACGTTGGCTGATGCAGCTTCGTCAGTAACAAATAATCAAAACTTCAGTAATGAAAGGAATGCAATTGACATTGGCCGTAAATCGACGACAATCAGCAATCTATTGAATAATTCGGATCGAAGCATGAAATCTTCTTTCCAAAGCGCTTCAAGACACGAAGCACAGCTCGAAGACACTCCCAGCATGAACAATATTGTAGTACAAGAAATAAAACCGAATATTACTACGCCAAGATCGAGTTCTATTTCTGCATTACTAAATCCTGTAAATGGGAATGGGCAATCAAACCCAGATGGAAGGCCGTTGCTGCCATTTCAGCATGCTATTTCTCAAGGCACTCCTACTTTCCCTTTACCGGCCCCTCGCACTAGTCCAATAAGTCGTGCGCCTCCAAAGTTCAATTTTTCGAATGATCCGTTGGCAGCTTTGGCTGCGGTTGCCTCCGCGCCAGATGCAATGAGCAGTTTTTTATCTAAAAAGGAAAATAATAATTGA	MGYPPPTRRLGDKKRYHYSNNPNRRHPSAVYSKNSFPKSSNNGFVSSPTADNSTNPSVTPSTASVPLPTAAPGSTFGIEAPRPSRYDPSSVSRPSSSSYSSTRKIGSRYNPDVERSSSTTSSTPESMNTSTITHTNTDIGNSRYSRKTMSRYNPQSTSSTNVTHFPSALSNAPPFYVANGSSRRPRSMDDYSPDVTNKLETNNVSSVNNNSPHSYYSRSNKWRSIGTPSRPPFDNHVGNMTTTSNTNSIHQREPFWKANSTTILKSTHSQSSPSLHTKKFHDANKLDKPEASVKVETPSKDETKAISYHDNNFPPRKSVSKPNAPLEPDNIKVGEEDALGKKEVHKSGREIAKEHPTPVKMKEHDELEARAKKVSKINIDGKQDEIWTTAKTVASAVEVSKESQKELTRSVERKESPEIRDYERAYDPKALKTDVTKLTVDNDNKSYEEPLEKVEGCIFPLPKAETRLWELKNQKRNKIISEQKYLLKKAIRNFSEYPFYAQNKLIHQQATGLILTKIISKIKKEEHLKKINLKHDYFDLQKKYEKECEILTKLSENLRKEEIENKRKEHELMEQKRREEGIETEKEKSLRHPSSSSSSRRRNRADFVDDAEMENVLLQIDPNYKHYQAAATIPPLILDPIRKHSYKFCDVNNLVTDKKLWASRILKDASDNFTDHEHSLFLEGYLIHPKKFGKISHYMGGLRSPEECVLHYYRTKKTVNYKQLLIDKNKKRKMSAAAKRRKRKERSNDEEVEVDESKEESTNTIEKEEKSENNAEENVQPVLVQGSEVKGDPLGTPEKVENMIEQRGEEFAGELENAERVNDLKRAHDEVGEESNKSSVIETNNGVQIMDPKGAVQNGYYPEETKELDFSLENALQRKKHKSAPEHKTSYWSVRESQLFPELLKEFGSQWSLISEKLGTKSTTMVRNYYQRNAARNGWKLLVDETDLKRDGTSSESVQQSQILIQPERPNINAYSNIPPQQRPALGYFVGQPTHGHNTSISSIDGSIRPFGPDFHRDTFSKISAPLTTLPPPRLPSIQFPRSEMAEPTVTDLRNRPLDHIDTLADAASSVTNNQNFSNERNAIDIGRKSTTISNLLNNSDRSMKSSFQSASRHEAQLEDTPSMNNIVVQEIKPNITTPRSSSISALLNPVNGNGQSNPDGRPLLPFQHAISQGTPTFPLPAPRTSPISRAPPKFNFSNDPLAALAAVASAPDAMSSFLSKKENNN
YDL189W	RBS1	ATGACAGCACTAGATTCTCGAAACTGGGGATTGACACCCGCTATGGAAACGGGCTTGTTCCAGAAACCACAGGACCGTATCTTTATAATAGAGCTGGAAAATTCCATAGTGTCATTCATAAACTCAAACACAGAATCATTTCAGCTAAGACCGATGAATTCATATTATAGGCTTCTATCGCACCAAATAGCTGAGTACCACAACTTGAACCATGTTTTGGCAAGAACTCAAGATAGTTGTGTGATTCTTTTCAAAGGTGAGAATTTCCAAAAGATTGAAGGAAAGCCACTCTTACAAGAGTTGCAGCTGAACAAAAAACCGGAAGAGTGTGCTTCCTCAAGTGAGAGTATTGAAAAATCGAACAATAACAGAATATTTCGAATCTTAAAGCGGAAAGAGGTAGGTAACGAGTGCGATTATAAAATCGATGGCAATACACGTACACCAAATAGCAATTTGACAGCCAATTCAAATAAGGACCAAAAAATCGAAATCGATGATAAATCTAGTACTGATTTGGAACAAGAAAGAATTGAGAAGGAAAGACTTTATGAACAACGTAAACAAGAAATTTTTGATAAGCTCAACAAGAGTGAAGACGATGTAAAGTCAACCAACAGTAGCGGTAGTAGTGATAGTGACAATGAATGGAGTGATTGGTTGAACGGAGATGACTCTAACACACAAACTAGTAACGGTTCAGTTAGCTCTTCATCACCATTCAATTCATCTGTGACGACGATACAAGTAAACAAACCTCAACAACAATTTTATGATAGTCGAAGAGGAAGAGGAGGAAGAAGAAGAGGAACAAACAATTACAAAGATGCCTATAGAGGCCAAAGTCGTCGGAATAAAGAAAACGGCGGTTACCAATCGGGATATTCTTCGCCATATCTTGTGTATCCTCCTCCCCAAATGGGTGGCAATAGTCTGCCAACCTACCCTCTAATGTATAACCCCGCTGGTCCTGCCCCCGGTCCTGCACCTTCACCCATGGTAATGGGCAATAACACAGTCTTCATGAACCCTTACATGTACAATATGAATCCCCAAGGGTCCTGTTCGTTTGGCACCCCAATCCCTATGTATCCCCCATACCAATATCAATATCAATACCAATATAACACTCAGTATCACAGCGGGCCATATAGCAATACACCAAGCTATAATTCTAACAATTACACAAGATCCTCAGCAAATAAGTACCACCATTTTCAAGGAAAAAATTCATATTCTGGTGCGATTCCGAAACGTAGTGATGACAGTAACAGTAATAAGAATGAGGGAATTCGTAGGGCTAGTGTTGAGGGTTCGCCGTCATCTAGGGATACTGATTCGGTAGAGATGAAATTTGATAAATTAAACATTTAG	MTALDSRNWGLTPAMETGLFQKPQDRIFIIELENSIVSFINSNTESFQLRPMNSYYRLLSHQIAEYHNLNHVLARTQDSCVILFKGENFQKIEGKPLLQELQLNKKPEECASSSESIEKSNNNRIFRILKRKEVGNECDYKIDGNTRTPNSNLTANSNKDQKIEIDDKSSTDLEQERIEKERLYEQRKQEIFDKLNKSEDDVKSTNSSGSSDSDNEWSDWLNGDDSNTQTSNGSVSSSSPFNSSVTTIQVNKPQQQFYDSRRGRGGRRRGTNNYKDAYRGQSRRNKENGGYQSGYSSPYLVYPPPQMGGNSLPTYPLMYNPAGPAPGPAPSPMVMGNNTVFMNPYMYNMNPQGSCSFGTPIPMYPPYQYQYQYQYNTQYHSGPYSNTPSYNSNNYTRSSANKYHHFQGKNSYSGAIPKRSDDSNSNKNEGIRRASVEGSPSSRDTDSVEMKFDKLNI
YDR172W	SUP35	ATGTCGGATTCAAACCAAGGCAACAATCAGCAAAACTACCAGCAATACAGCCAGAACGGTAACCAACAACAAGGTAACAACAGATACCAAGGTTATCAAGCTTACAATGCTCAAGCCCAACCTGCAGGTGGGTACTACCAAAATTACCAAGGTTATTCTGGGTACCAACAAGGTGGCTATCAACAGTACAATCCCGACGCCGGTTACCAGCAACAGTATAATCCTCAAGGAGGCTATCAACAGTACAATCCTCAAGGCGGTTATCAGCAGCAATTCAATCCACAAGGTGGCCGTGGAAATTACAAAAACTTCAACTACAATAACAATTTGCAAGGATATCAAGCTGGTTTCCAACCACAGTCTCAAGGTATGTCTTTGAACGACTTTCAAAAGCAACAAAAGCAGGCCGCTCCCAAACCAAAGAAGACTTTGAAGCTTGTCTCCAGTTCCGGTATCAAGTTGGCCAATGCTACCAAGAAGGTTGGCACAAAACCTGCCGAATCTGATAAGAAAGAGGAAGAGAAGTCTGCTGAAACCAAAGAACCAACTAAAGAGCCAACAAAGGTCGAAGAACCAGTTAAAAAGGAGGAGAAACCAGTCCAGACTGAAGAAAAGACGGAGGAAAAATCGGAACTTCCAAAGGTAGAAGACCTTAAAATCTCTGAATCAACACATAATACCAACAATGCCAATGTTACCAGTGCTGATGCCTTGATCAAGGAACAGGAAGAAGAAGTGGATGACGAAGTTGTTAACGATATGTTTGGTGGTAAAGATCACGTTTCTTTAATTTTCATGGGTCATGTTGATGCCGGTAAATCTACTATGGGTGGTAATCTACTATACTTGACTGGCTCTGTGGATAAGAGAACTATTGAGAAATATGAAAGAGAAGCCAAGGATGCAGGCAGACAAGGTTGGTACTTGTCATGGGTCATGGATACCAACAAAGAAGAAAGAAATGATGGTAAGACTATCGAAGTTGGTAAGGCCTACTTTGAAACTGAAAAAAGGCGTTATACCATATTGGATGCTCCTGGTCATAAAATGTACGTTTCCGAGATGATCGGTGGTGCTTCTCAAGCTGATGTTGGTGTTTTGGTCATTTCCGCCAGAAAGGGTGAGTACGAAACCGGTTTTGAGAGAGGTGGTCAAACTCGTGAACACGCCCTATTGGCCAAGACCCAAGGTGTTAATAAGATGGTTGTCGTCGTAAATAAGATGGATGACCCAACCGTTAACTGGTCTAAGGAACGTTACGACCAATGTGTGAGTAATGTCAGCAATTTCTTGAGAGCAATTGGTTACAACATTAAGACAGACGTTGTATTTATGCCAGTATCCGGCTACAGTGGTGCAAATTTGAAAGATCACGTAGATCCAAAAGAATGCCCATGGTACACCGGCCCAACTCTGTTAGAATATCTGGATACAATGAACCACGTCGACCGTCACATCAATGCTCCATTCATGTTGCCTATTGCCGCTAAGATGAAGGATCTAGGTACCATCGTTGAAGGTAAAATTGAATCCGGTCATATCAAAAAGGGTCAATCCACCCTACTGATGCCTAACAAAACCGCTGTGGAAATTCAAAATATTTACAACGAAACTGAAAATGAAGTTGATATGGCTATGTGTGGTGAGCAAGTTAAACTAAGAATCAAAGGTGTTGAAGAAGAAGACATTTCACCAGGTTTTGTACTAACATCGCCAAAGAACCCTATCAAGAGTGTTACCAAGTTTGTAGCTCAAATTGCTATTGTAGAATTAAAATCTATCATAGCAGCCGGTTTTTCATGTGTTATGCATGTTCATACAGCAATTGAAGAGGTACATATTGTTAAGTTATTGCACAAATTAGAAAAGGGTACCAACCGTAAGTCAAAGAAACCACCTGCTTTTGCTAAGAAGGGTATGAAGGTCATCGCTGTTTTAGAAACTGAAGCTCCAGTTTGTGTGGAAACTTACCAAGATTACCCTCAATTAGGTAGATTCACTTTGAGAGATCAAGGTACCACAATAGCAATTGGTAAAATTGTTAAAATTGCCGAGTAA	MSDSNQGNNQQNYQQYSQNGNQQQGNNRYQGYQAYNAQAQPAGGYYQNYQGYSGYQQGGYQQYNPDAGYQQQYNPQGGYQQYNPQGGYQQQFNPQGGRGNYKNFNYNNNLQGYQAGFQPQSQGMSLNDFQKQQKQAAPKPKKTLKLVSSSGIKLANATKKVGTKPAESDKKEEEKSAETKEPTKEPTKVEEPVKKEEKPVQTEEKTEEKSELPKVEDLKISESTHNTNNANVTSADALIKEQEEEVDDEVVNDMFGGKDHVSLIFMGHVDAGKSTMGGNLLYLTGSVDKRTIEKYEREAKDAGRQGWYLSWVMDTNKEERNDGKTIEVGKAYFETEKRRYTILDAPGHKMYVSEMIGGASQADVGVLVISARKGEYETGFERGGQTREHALLAKTQGVNKMVVVVNKMDDPTVNWSKERYDQCVSNVSNFLRAIGYNIKTDVVFMPVSGYSGANLKDHVDPKECPWYTGPTLLEYLDTMNHVDRHINAPFMLPIAAKMKDLGTIVEGKIESGHIKKGQSTLLMPNKTAVEIQNIYNETENEVDMAMCGEQVKLRIKGVEEEDISPGFVLTSPKNPIKSVTKFVAQIAIVELKSIIAAGFSCVMHVHTAIEEVHIVKLLHKLEKGTNRKSKKPPAFAKKGMKVIAVLETEAPVCVETYQDYPQLGRFTLRDQGTTIAIGKIVKIAE
YDR505C	PSP1	ATGGACCTCCCAACTGTTAATAGCACAACAAGCATTTCCGACAATGTGGATTTAAAGAACTACTATGAGGACTTGCTTTTCAAGAATAACAGCGGAAAATCGCTATCCGATTTACCCCGTAAACTGAATGATAACTCCAATAATTCAGGAAGTGATACGGTTGATCCGCTTGCTGGCCTGAATAATTTGAGAAACTCAATAAAAAGTGCGGGAAATGGTATGGAAAACAGGAGGACTTTTGACGATATTGATTTTATGGGTAGGTTTCCGTATTTGCCACCAGTGCCAAATCAACAACAGCAACCGTTTTCTCACCAGAACGGGTTCATTCAAGAACACCCTTCCAGTAATTTGACCTCTTTTCAAATGTCTTCGTCTAATTCAGAGCCGATGTCCGCACCGCCCATTTCATCCAATAACAATAATTTAAACTCTACTCAAATGGGTAATTATCAAGCTCAACAACGGTCGTTCCCGCAATTTAATGGAAATTCATTTCATTCAAATGGAAACGACCTAATGGGGAATCGGATGGATTCAGACTACATGCGTTTAATGAATAAAACAAACATAGGTTTTACTTCCAATAGCGGCAGCAATTTTGCTGCCCCATCACACAGTGCTGGCAACCCATCTAGTATGAACAACCAACAAGTACCATCATTTAATTGGCAACAGCCATCTCATCCAGAGTCTACCATTAGGAGATCCTCCTACATATCAGATACTCTAATCAACCATCAAATGCCTGACGCTCGGCAAAAGCAAACATCCCAAGTGCAGCAGCAACACGCTCAAGGTTTCAATCTTTTCAATAGCAGATTCAACTATGACAACTTGAACTCAACCCATTTGACCGCCAAAGGTGTGCCCGAGTTTGGAAATGGTGTACAACCTCCGTATCCTTATGATAACGAGCCTAATAATGCCAGTATCAGCAATAGTAATAACAACAACAACAGTCACAATATGGTTCCAATGCAACAGTTTCGCCGGAATACACAACCGGTAGCGAGCTTCAATCCATCCCTTCCTACTTTTCAACAACAACAGCAACAACCACAACAACCACAACAACCAAGAAACGTTAATGTACCTACTTCTTTCAATGGCGAACGTGTTGATGATGTTCAGCTTGTTCAACTTCAAAGAAGCAGTTCTGTCCCTTCTTCTACAAACTCACATAACCTTCAGAACGAGAACAGCAATGAAGGAAATGTATCTTTGGACAATGGTTTAGTTTTAATTCAGGGTAAACACTTGACTTCGTCCAAAACCTTACACGATTTATACAGCGACTGTGGCAGCGGCTATTTTGCTAGCTCTGCAGTTTTTGAATTCACAGATAATATTAAGAAAATGCTGAAGTTGCACGATTCTAATGAAAGTTACGACGCGAAGAACATGGGCTTAATCGATGAAGAAGGTAATACATACCAATCTTTATTAAATTTCTTGGACATTTTAAGAAGTTGCAACATGAATTACGTTAATGATCCAGAGTCGAATAATGGAATTGTTTCCAATAATGGAGGCAATAAAAATAGGAGGAAGGGCTCTTTCACAACAGAACTATCATGCAGGAATGCTAATAACTCCTTTTTACCTTATACACCATTGGTACTGGTTGCTTTGAAAAATGGGAAACTTGAACTACTATCTACTCCACAAGCTACCAATTTGTTGTTAAAGAGAGGTGACTTGGTTATTATTGATGGTGACCGTGGAAGGGATTTAGTATTGGTTGTTGAGCCCTCTGTCGATTTGAATTTAGCATTATTTATAAATTTTCTGAAAAAGAAAATTCACTTTGACTCTTTAATTACAAGTGAGTCACAGCACTATCGCAATGATGAGTTTATTCAAATGTTGATTGACTCAAAAAATGGGCAAAAGAAAAAATTAAATCCCAAATTGTATGATGTTGTTGAATTAACTGAGTTAATCATACCATCTAAACAAGTCTTACGTTTTGCCACCCCGTGGGAGGTAACAACGAATTTGCACAATAAATTTGAAGATGAATTAAAAGCCTTGCATATTGCTCAGAGTAAATTACAAGCGTTAAATGATAATTCAAAATCTCAAAATACAAATGACAGTTCTTCCAATAATTTTACGAATGCTGCAACTTATTCAAAGCCTAAATTGAATATCAAGATTTTAAACGCAGAATTCCAATTTGATAGAAAGAAATTAACGTTTTACTACGTTTGTGAGGAGAGAAATGATTTTAGAGACTTGATAAAAGAGCTGTTCAAATATTACAAGACAAGAATTTGGTTGTGTGCCATCCCGAATAATCTGTCTATTGATTCTAAGTATTATGATAAACAACAAAAAGAGCTGAAATTATATCAAAACATAGTAAAAAATTACAATGCTGAAGATTTAATGAATGTCAATGAGTTTTCGCAGAACAGGGGGAATAACAGAGTTAATTTTGCACCTCCGTTGAACGAAATTGAACTCGACAACTTTCAGATTGCTGTGTATGAAGAATTAGTTCACGAATTATTTCATTAA	MDLPTVNSTTSISDNVDLKNYYEDLLFKNNSGKSLSDLPRKLNDNSNNSGSDTVDPLAGLNNLRNSIKSAGNGMENRRTFDDIDFMGRFPYLPPVPNQQQQPFSHQNGFIQEHPSSNLTSFQMSSSNSEPMSAPPISSNNNNLNSTQMGNYQAQQRSFPQFNGNSFHSNGNDLMGNRMDSDYMRLMNKTNIGFTSNSGSNFAAPSHSAGNPSSMNNQQVPSFNWQQPSHPESTIRRSSYISDTLINHQMPDARQKQTSQVQQQHAQGFNLFNSRFNYDNLNSTHLTAKGVPEFGNGVQPPYPYDNEPNNASISNSNNNNNSHNMVPMQQFRRNTQPVASFNPSLPTFQQQQQQPQQPQQPRNVNVPTSFNGERVDDVQLVQLQRSSSVPSSTNSHNLQNENSNEGNVSLDNGLVLIQGKHLTSSKTLHDLYSDCGSGYFASSAVFEFTDNIKKMLKLHDSNESYDAKNMGLIDEEGNTYQSLLNFLDILRSCNMNYVNDPESNNGIVSNNGGNKNRRKGSFTTELSCRNANNSFLPYTPLVLVALKNGKLELLSTPQATNLLLKRGDLVIIDGDRGRDLVLVVEPSVDLNLALFINFLKKKIHFDSLITSESQHYRNDEFIQMLIDSKNGQKKKLNPKLYDVVELTELIIPSKQVLRFATPWEVTTNLHNKFEDELKALHIAQSKLQALNDNSKSQNTNDSSSNNFTNAATYSKPKLNIKILNAEFQFDRKKLTFYYVCEERNDFRDLIKELFKYYKTRIWLCAIPNNLSIDSKYYDKQQKELKLYQNIVKNYNAEDLMNVNEFSQNRGNNRVNFAPPLNEIELDNFQIAVYEELVHELFH
YER040W	GLN3	ATGCAAGACGACCCCGAAAATTCGAAGCTGTACGACCTGCTGAATAGTCATCTGGACGTGCATGGTCGAAGTAATGAAGAGCCGAGACAAACTGGTGACAGTAGGAGCCAGAGTAGTGGCAACACCGGTGAAAACGAGGAGGATATAGCATTTGCCAGTGGATTAAACGGCGGCACATTCGACTCAATGCTGGAGGCACTGCCCGATGATTTATATTTTACGGACTTCGTGTCTCCTTTTACAGCAGCTGCCACGACCAGCGTGACTACTAAGACGGTCAAGGACACCACACCAGCTACCAATCATATGGATGATGATATTGCGATGTTTGATTCACTTGCCACAACTCAGCCCATCGACATAGCCGCATCCAACCAACAAAATGGTGAAATTGCACAACTTTGGGACTTTAACGTGGACCAATTCAACATGACGCCCAGCAACTCGAGCGGTTCAGCTACTATTAGTGCTCCTAACAGCTTTACTTCCGACATACCGCAATACAACCACGGTTCCCTCGGCAACAGCGTCTCCAAATCCTCACTGTTCCCGTATAATTCCAGCACGTCCAACAGCAACATCAACCAGCCATCTATCAATAACAACTCAAATACTAATGCGCAGTCCCACCATTCCTTCAACATCTACAAACTACAAAACAACAACTCATCTTCATCCGCTATGAACATTACCAATAATAATAATAGCAACAATAGTAATATCCAGCATCCTTTTCTGAAGAAGAGCGATTCGATAGGATTATCTTCATCCAACACAACAAATTCTGTAAGAAAAAACTCACTTATCAAGCCAATGTCGTCCACGTCCCTGGCCAATTTCAAAAGAGCTGCCTCAGTATCTTCCAGTATATCCAATATGGAACCATCAGGACAAAATAAAAAACCTCTGATACAATGTTTCAATTGTAAAACTTTCAAGACACCGCTTTGGAGGAGAAGCCCAGAGGGGAATACTCTTTGCAATGCCTGCGGTCTTTTCCAGAAATTACATGGTACCATGAGGCCATTATCCTTAAAATCGGACGTTATCAAAAAGAGGATTTCAAAGAAGAGAGCCAAACAAACGGACCCAAACATTGCACAAAATACTCCAAGTGCACCTGCAACTGCCTCAACTTCAGTAACCACTACAAATGCTAAACCCATACGATCGAGGAAAAAATCACTACAACAAAACTCTTTATCTAGAGTGATACCTGAAGAAATCATTAGAGACAACATCGGTAATACTAATAATATCCTTAATGTAAATAGGGGAGGCTATAACTTCAACTCAGTCCCCTCCCCGGTCCTCATGAACAGCCAATCGTATAATAGTAGTAACGCAAATTTTAATGGAGCAAGCAATGCAAATTTGAATTCTAATAACTTAATGCGTCACAATTCGAACACTGTTACTCCTAATTTTAGAAGGTCTTCAAGACGAAGTAGTACTTCATCGAACACCTCAAGTTCCAGTAAATCTTCATCCAGATCTGTTGTTCCGATATTACCAAAACCTTCACCTAATAGCGCTAATTCACAGCAGTTCAACATGAACATGAACCTAATGAACACAACAAATAATGTAAGTGCAGGAAATAGTGTCGCATCCTCACCAAGAATTATATCGTCCGCAAACTTTAACTCAAATAGTCCTCTACAGCAGAATCTATTATCAAATTCTTTCCAACGTCAAGGAATGAATATACCAAGAAGAAAGATGTCGCGCAATGCATCGTACTCCTCATCGTTTATGGCTGCGTCTTTGCAACAACTGCACGAACAGCAACAAGTGGACGTGAATTCCAACACAAACACGAATTCGAATAGACAGAATTGGAATTCAAGCAATAGCGTTTCAACAAATTCAAGATCATCAAATTTTGTCTCTCAAAAGCCAAATTTTGATATTTTTAATACTCCTGTAGATTCACCGAGTGTCTCAAGACCTTCTTCAAGAAAATCACATACCTCATTGTTATCACAACAATTGCAGAACTCGGAGTCGAATTCGTTTATCTCAAATCACAAATTTAACAATAGATTATCAAGTGACTCTACTTCACCTATAAAATATGAAGCAGATGTGAGTGCAGGCGGAAAGATCAGTGAGGATAATTCCACAAAAGGATCTTCTAAAGAAAGTTCAGCAATTGCTGACGAATTGGATTGGTTAAAATTTGGTATATGA	MQDDPENSKLYDLLNSHLDVHGRSNEEPRQTGDSRSQSSGNTGENEEDIAFASGLNGGTFDSMLEALPDDLYFTDFVSPFTAAATTSVTTKTVKDTTPATNHMDDDIAMFDSLATTQPIDIAASNQQNGEIAQLWDFNVDQFNMTPSNSSGSATISAPNSFTSDIPQYNHGSLGNSVSKSSLFPYNSSTSNSNINQPSINNNSNTNAQSHHSFNIYKLQNNNSSSSAMNITNNNNSNNSNIQHPFLKKSDSIGLSSSNTTNSVRKNSLIKPMSSTSLANFKRAASVSSSISNMEPSGQNKKPLIQCFNCKTFKTPLWRRSPEGNTLCNACGLFQKLHGTMRPLSLKSDVIKKRISKKRAKQTDPNIAQNTPSAPATASTSVTTTNAKPIRSRKKSLQQNSLSRVIPEEIIRDNIGNTNNILNVNRGGYNFNSVPSPVLMNSQSYNSSNANFNGASNANLNSNNLMRHNSNTVTPNFRRSSRRSSTSSNTSSSSKSSSRSVVPILPKPSPNSANSQQFNMNMNLMNTTNNVSAGNSVASSPRIISSANFNSNSPLQQNLLSNSFQRQGMNIPRRKMSRNASYSSSFMAASLQQLHEQQQVDVNSNTNTNSNRQNWNSSNSVSTNSRSSNFVSQKPNFDIFNTPVDSPSVSRPSSRKSHTSLLSQQLQNSESNSFISNHKFNNRLSSDSTSPIKYEADVSAGGKISEDNSTKGSSKESSAIADELDWLKFGI
YLR403W	SFP1	ATGGATTTTACAACAATGACTATGGCAAGCAATATGGCTACTAGTACTACTACGACGGCTACATCGGCACATGCATCTATAAATTCGTCATCAAACTTTAATATTGATATTGATTCGAACCAGAATACTCCTTCCATTTTGATAAATAACAATTCGGATTCTTCTAATGGAAAAAACACAGATTTTAACGGCGTCAATAATATTCACCAAAAAAATATCATGAATAATACAAATAATGTTCATTTGTACTCTCCAAATATAATGGACCAAACGCTACTAACTCCACAGGACATTGCCAAGTTACGGAGAGAATCAATAGCCCATTCTCAAGGGATGGGTGGTGTTTCATGGGGATCCATTAGTGTTGGTTCTTGGTTAAGAGATGAAATTATTAGCCGTAGAAATAGTATTGTACCTGCATCAGCAAACGGTGCTGCCTCCGCTGCCGCTTCTGCAACCACTACTGCCACTAATACTTTGCAGATTCAACAACCAACTAAGAGACCCTCTGTTAGTAATCCGCCTTACCATAGAGGGTATTCTATTTCTCCTCAGATAGCCTACACTGCTTATCTGCCAAATCTAGAAAAGCAATATTGTAAAGATTATTCATGCTGTGGTCTTTCCTTACCAGGTTTGCATGATTTGCTGAGACATTACGAAGAAGCTCATATATCCACGTCTCCTAACACTACCAATATGTCACAAATACCGATGAACTCTGCTGGTAACACTAGTTCATCAGTTCGTATGACAAATAATACCTCTTCTGCCAACTATAACCTGCAGAATAACATGGCCGCTAATACAAAAAATGCAGGTCATAAGACTAATACTATGCAGGCTCATAGCAGCAATGCAACTAATAACACCTCCATTAATAATATGCATGCCAATCTTCAGAGCAACATGGATTCCAACTCCACAATACGACAATCTCAGCATCCTCACCATCAGCAGAATATAATACAACAACAGTTGCAATCGAATTCTGTAAATCATACATCAGGGGCTGTACCCACACCGAGTGTAATGGGTTCAGCAACTGCGTCGTCCACAACTGCAAATCCAAATGTGATATCTATAACGGGTGCCCCCAACTCGGGCTTATCTATGGCTAATCACTCTCAACAACTACATCTGAATGGTAATCTAGTCGATGCCGTTTCAACGAATGATGTGTTTTTAAGAACGAGCAATTCTCCATCAAGACACGTTCCGCACAATAAACAAATTAACAGTAACAATAATAGTGGTATCAATATCAATAATAATACCTCACACAATTCTAATATTAACATGGGTAGTAAAAACGCCATGGTGAATCGTCCACATACTTTTAATAACTATTCCTTGAACAAAACGTCCAGGAATCCTATTCAACATCAATCAAGAAAAATTGATCCTCATCAAACCGATTTATCACCTCTGGTACTTGTCCAAGATATAGATTTAAGTTTTATGGATGATGATATTTTGGGCCCTAGTAACCACAATTCCATGAACTCTGTCGTAAATCCAACTACAGGTTCTCACAACTACAATACTTTTCATTCTTCCGTACACGCAAAATCTTCTCAAAACATGGTCGAGGATCAAGACATTGATGACATTGATGATGACGATGATGTTGATGATGACGATGACGATGACGATGACGATGACACAGAAAATGGCTCCAGTTCCAATGGAAAATCAGTTCATAACAACAATTACAAGATGCCTCAGCAAGCTTATATAGACGATCCTGCGAGAAGGCTCTATGTAATGGATCATGAGGAACAAAAACCCTTTAAGTGTCCAGTTATTGGTTGTGAAAAGACTTATAAAAACCAAAACGGTTTGAAGTACCATAGGTTGCACGGACATCAGAATCAAAAATTACATGAAAACCCTGACGGTACATTTAGCGTAATAGATCCAGATTCGACAGATTCTTTTGGTGATGGAATGGGCTCTGCAAAGGATAAACCATACCGTTGTGAAGTTTGTGGTAAGAGATATAAGAACTTGAACGGTTTAAAATATCACAGGGGCCACTCCACTCACTAA	MDFTTMTMASNMATSTTTTATSAHASINSSSNFNIDIDSNQNTPSILINNNSDSSNGKNTDFNGVNNIHQKNIMNNTNNVHLYSPNIMDQTLLTPQDIAKLRRESIAHSQGMGGVSWGSISVGSWLRDEIISRRNSIVPASANGAASAAASATTTATNTLQIQQPTKRPSVSNPPYHRGYSISPQIAYTAYLPNLEKQYCKDYSCCGLSLPGLHDLLRHYEEAHISTSPNTTNMSQIPMNSAGNTSSSVRMTNNTSSANYNLQNNMAANTKNAGHKTNTMQAHSSNATNNTSINNMHANLQSNMDSNSTIRQSQHPHHQQNIIQQQLQSNSVNHTSGAVPTPSVMGSATASSTTANPNVISITGAPNSGLSMANHSQQLHLNGNLVDAVSTNDVFLRTSNSPSRHVPHNKQINSNNNSGININNNTSHNSNINMGSKNAMVNRPHTFNNYSLNKTSRNPIQHQSRKIDPHQTDLSPLVLVQDIDLSFMDDDILGPSNHNSMNSVVNPTTGSHNYNTFHSSVHAKSSQNMVEDQDIDDIDDDDDVDDDDDDDDDDDTENGSSSNGKSVHNNNYKMPQQAYIDDPARRLYVMDHEEQKPFKCPVIGCEKTYKNQNGLKYHRLHGHQNQKLHENPDGTFSVIDPDSTDSFGDGMGSAKDKPYRCEVCGKRYKNLNGLKYHRGHSTH
YMR070W	MOT3	ATGAATGCGGACCATCACCTGCAACAGCAGCAGCAACAGCGACAACAGCATCAACAACAACAGCATCAACAACAACAGCATCAGCATCAGCATCAACAGCAGCAGCACACGATATTACAAAATGTGTCGAACACTAACAATATCGGCAGCGATTCGCTGGCGTCACAGCCTTTCAACACGACTACTGTTTCCTCTAACAAGGACGACGTTATGGTGAACTCTGGGGCAAGAGAACTTCCAATGCCCTTACATCAGCAGCAGTATATATACCCTTACTATCAGTATACAAGTAATAACAGTAACAACAATAATGTGACGGCTGGTAACAATATGTCTGCGTCGCCGATTGTCCATAACAACAGCAACAACAGCAACAACAGCAATATTTCTGCTTCTGATTACACTGTCGCAAACAACAGTACTAGCAATAATAACAATAATAATAATAATAACAACAATAATAACAATAATATTCACCCAAACCAGTTTACTGCGGCCGCAAATATGAACTCAAATGCTGCAGCGGCTGCTTATTACTCCTTCCCCACTGCGAATATGCCAATACCGCAACAGGATCAACAATATATGTTCAATCCTGCTTCATACATAAGCCATTACTATTCAGCAGTTAACAGCAATAACAATGGTAATAACGCCGCTAACAATGGCAGCAACAACTCTTCTCACTCAGCCCCAGCCCCGGCCCCCGGTCCACCCCATCACCATCACCATCATAGTAATACACACAACAACCTCAACAATGGTGGTGCTGTAAATACAAACAACGCTCCTCAGCACCATCCAACGATAATAACGGATCAATTTCAATTCCAACTACAACAAAACCCTTCTCCAAATTTGAATCTCAATATTAACCCGGCACAACCTCTGCATCTACCTCCTGGTTGGAAAATAAACACTATGCCGCAACCACGTCCTACGACAGCACCTAACCATCCCCCTGCGCCGGTGCCTTCTTCGAACCCTGTGGCCTCGAACTTGGTTCCTGCCCCATCATCAGACCATAAATATATCCATCAATGCCAATTTTGTGAGAAGTCTTTCAAAAGAAAATCATGGTTGAAAAGGCACCTATTGTCACACTCGCAACAAAGACATTTTCTATGCCCTTGGTGCTTAAGCAGGCAGAAGAGAAAAGATAATCTTTTACAGCATATGAAACTCAAGCATACAAATTATTTATTAGACGAACTCAAGAAAAACAACATCATCTTTAACTACAACAATTCTTCCTCCTCTAATAATAACAACGACAATAATAATAATAATAACAGCAATAGCGCTAGCGGCAGTGGCGGTGCCGGTGCCGCGGCGGCAGCAGCAACAGCTCCCGAAAATGAAGATGGAAACGGTTACGATACAAACATCAAGACTTTAATCAATGATGGTGTACTGAATAAGGACGACGTTAAACGTGTTTTGAATAACCTTATTGTTAGTCACAACAAATAG	MNADHHLQQQQQQRQQHQQQQHQQQQHQHQHQQQQHTILQNVSNTNNIGSDSLASQPFNTTTVSSNKDDVMVNSGARELPMPLHQQQYIYPYYQYTSNNSNNNNVTAGNNMSASPIVHNNSNNSNNSNISASDYTVANNSTSNNNNNNNNNNNNNNNIHPNQFTAAANMNSNAAAAAYYSFPTANMPIPQQDQQYMFNPASYISHYYSAVNSNNNGNNAANNGSNNSSHSAPAPAPGPPHHHHHHSNTHNNLNNGGAVNTNNAPQHHPTIITDQFQFQLQQNPSPNLNLNINPAQPLHLPPGWKINTMPQPRPTTAPNHPPAPVPSSNPVASNLVPAPSSDHKYIHQCQFCEKSFKRKSWLKRHLLSHSQQRHFLCPWCLSRQKRKDNLLQHMKLKHTNYLLDELKKNNIIFNYNNSSSSNNNNDNNNNNNSNSASGSGGAGAAAAAATAPENEDGNGYDTNIKTLINDGVLNKDDVKRVLNNLIVSHNK
YMR216C	SKY1	ATGGGTTCATCAATTAACTATCCTGGGTTTGTGACTAAAAGCGCTCATTTGGCTGACACTAGTACGGATGCGAGCATTTCATGTGAGGAAGCAACAAGCTCGCAGGAAGCGAAGAAGAATTTCTTTCAAAGGGATTATAACATGATGAAGAAGGCGCCTGCTCCAACGAAGTCTAAACTGTCTTTGGCCTTGCAGACTTCCAAGTCATCCTCTAGTGCCAACGGTACTGTACAAGAGGATACTTCCTCGAAGACAGAAGATTTTTCTACAAAGAGCATTAAGAAAAAACCAGATAGCGGCGTTGAATCGCATGTGTCCATCCAATCGGATTCGGGGCCACAATCAGACTCAGATTTGGATTCAGATTCCTCTATCTCATCATGTGACGAAAGGAACGAAGAGTCTTTGAAAGATTACAGGCCGGGTGGGTACCACCCTGCCTTTAAGGGCGAGCCCTATAAGGATGCACGCTACATTTTAGTAAGAAAGCTGGGATGGGGCCACTTCTCCACCGTTTGGTTGGCAAAGGATATGGTAAACAACACTCACGTTGCTATGAAGATTGTTCGGGGCGACAAAGTTTACACAGAAGCTGCTGAAGACGAAATTAAGCTTTTGCAAAGAGTGAATGACGCCGATAATACAAAGGAGGATTCCATGGGGGCTAATCATATTTTGAAATTGCTAGATCATTTCAACCATAAGGGCCCCAATGGCGTCCATGTGGTTATGGTATTTGAAGTCCTCGGCGAGAACTTACTGGCTTTGATAAAGAAGTATGAACATAGGGGCATTCCATTGATTTATGTCAAGCAAATATCGAAGCAGTTACTGCTTGGTCTTGATTACATGCATAGGCGGTGTGGTATTATACACACAGATATTAAACCAGAAAACGTGTTGATGGAGATTGGAGATGTTGAGGGTATCGTTCAAATGGTCGAGGCACTGGATAAACAGAAGAGAGAGGCAAAAAGGTTGCAGAGGCACGTTTCGCGGTCTTCTGATATTACCGCGAACGATAGCAGTGATGAGAAATGGGCAGAATGCCAAACAAGTATGCCCTGCGGCTCAAGCTCAAATTCCAAATCTCGTTCTATAGAGAAGGACTTGTCAAAAAGATGCTTTAGAAGACCTAGACGTCATACAATTATCACAGGGTCGCAACCATTACCTTCCCCAATTAGTTCATCAAATTTCTTTGAAATGAGGGCGCACTTTTGTGGTAGTAGTCACAATAGCTTTTCCTCCGTATCTGGGAATAGGAACATTCCATCTTCCATCAATAATAACAGTATTAATAATGGCATAGGCATTAAGAATAGCAACAATAGTTTCTTAAATTCAGTACCACATTCTGTGACCAGGATGTTCATAAATGAAGACAGTAATGATAACAACAATAATGATAATAGTAAAAATAAAAATAACAACAATAACAACAGTAACAACAATAATAACGAGGACATAATGAACACACCTTTGCATGAAGAGCAGCTGGCAGACTCTTTATCTACATTTGATATTTCCAATATATCACAAAGCTCCGATACAAATGGTCCATATATTTCTAATACTATGGATTCAAATTCAAACGTCAGTACCGATATCAACTCCCCAGAAAATTTGATTCAGATCAAGATTGCTGATTTAGGTAATGCTTGTTGGTATGACGAACATTACACGAATTCTATACAGACAAGAGAATACAGATCACCAGAGGTGTTACTAGGCGCCCCTTGGGGTTGTGGTGCAGATATATGGTCTACTGCTTGTCTAATTTTTGAATTGATTACCGGAGATTTTCTTTTCGAACCGGACGAAGGTCATTCCTACACTAAGGATGATGACCATATTGCACAAATCATCGAGTTATTGGGAGAATTACCATCATACCTTTTGAGGAACGGCAAATATACAAGAACTTTCTTCAATTCAAGAGGGCTTTTAAGAAATATCTCGAAATTGAAATTTTGGCCCTTAGAAGATGTTTTAACTGAAAAATATAAGTTTTCTAAGGACGAAGCCAAGGAAATATCTGATTTTTTGTCGCCTATGTTACAGCTAGACCCAAGGAAAAGAGCTGATGCAGGTGGCTTGGTTAACCATCCATGGCTCAAGGATACCTTGGGTATGGAAGAGATTCGGGTACCTGATAGAGAGTTGTACGGGAGTGGTTCCGATATCCCCGGATGGTTTGAAGAAGTCCGCGATCATAAAAGACATTGA	MGSSINYPGFVTKSAHLADTSTDASISCEEATSSQEAKKNFFQRDYNMMKKAPAPTKSKLSLALQTSKSSSSANGTVQEDTSSKTEDFSTKSIKKKPDSGVESHVSIQSDSGPQSDSDLDSDSSISSCDERNEESLKDYRPGGYHPAFKGEPYKDARYILVRKLGWGHFSTVWLAKDMVNNTHVAMKIVRGDKVYTEAAEDEIKLLQRVNDADNTKEDSMGANHILKLLDHFNHKGPNGVHVVMVFEVLGENLLALIKKYEHRGIPLIYVKQISKQLLLGLDYMHRRCGIIHTDIKPENVLMEIGDVEGIVQMVEALDKQKREAKRLQRHVSRSSDITANDSSDEKWAECQTSMPCGSSSNSKSRSIEKDLSKRCFRRPRRHTIITGSQPLPSPISSSNFFEMRAHFCGSSHNSFSSVSGNRNIPSSINNNSINNGIGIKNSNNSFLNSVPHSVTRMFINEDSNDNNNNDNSKNKNNNNNNSNNNNNEDIMNTPLHEEQLADSLSTFDISNISQSSDTNGPYISNTMDSNSNVSTDINSPENLIQIKIADLGNACWYDEHYTNSIQTREYRSPEVLLGAPWGCGADIWSTACLIFELITGDFLFEPDEGHSYTKDDDHIAQIIELLGELPSYLLRNGKYTRTFFNSRGLLRNISKLKFWPLEDVLTEKYKFSKDEAKEISDFLSPMLQLDPRKRADAGGLVNHPWLKDTLGMEEIRVPDRELYGSGSDIPGWFEEVRDHKRH
YNL229C	URE2	ATGATGAATAACAACGGCAACCAAGTGTCGAATCTCTCCAATGCGCTCCGTCAAGTAAACATAGGAAACAGGAACAGTAATACAACCACCGATCAAAGTAATATAAATTTTGAATTTTCAACAGGTGTAAATAATAATAATAATAACAATAGCAGTAGTAATAACAATAATGTTCAAAACAATAACAGCGGCCGCAATGGTAGCCAAAATAATGATAACGAGAATAATATCAAGAATACCTTAGAACAACATCGACAACAACAACAGGCATTTTCGGATATGAGTCACGTGGAGTATTCCAGAATTACAAAATTTTTTCAAGAACAACCACTGGAGGGATATACCCTTTTCTCTCACAGGTCTGCGCCTAATGGATTCAAAGTTGCTATAGTACTAAGTGAACTTGGATTTCATTATAACACAATCTTCCTAGATTTCAATCTTGGCGAACATAGGGCCCCCGAATTTGTGTCTGTGAACCCTAATGCAAGAGTTCCAGCTTTAATCGATCATGGTATGGACAACTTGTCTATTTGGGAATCAGGGGCGATTTTATTACATTTGGTAAATAAATATTACAAAGAGACTGGTAATCCATTACTCTGGTCCGATGATTTAGCTGACCAATCACAAATCAACGCATGGTTGTTCTTCCAAACGTCAGGGCATGCGCCAATGATTGGACAAGCTTTACATTTCAGATACTTCCATTCACAAAAGATAGCAAGTGCTGTAGAAAGATATACGGATGAGGTTAGAAGAGTTTACGGTGTAGTGGAGATGGCCTTGGCTGAACGTAGAGAAGCGCTGGTGATGGAATTAGACACGGAAAATGCGGCTGCATACTCAGCTGGTACAACACCAATGTCACAAAGTCGTTTCTTTGATTATCCCGTATGGCTTGTAGGAGATAAATTAACTATAGCAGATTTGGCCTTTGTCCCATGGAATAATGTCGTGGATAGAATTGGCATTAATATCAAAATTGAATTTCCAGAAGTTTACAAATGGACGAAGCATATGATGAGAAGACCCGCGGTCATCAAGGCATTGCGTGGTGAATGA	MMNNNGNQVSNLSNALRQVNIGNRNSNTTTDQSNINFEFSTGVNNNNNNNSSSNNNNVQNNNSGRNGSQNNDNENNIKNTLEQHRQQQQAFSDMSHVEYSRITKFFQEQPLEGYTLFSHRSAPNGFKVAIVLSELGFHYNTIFLDFNLGEHRAPEFVSVNPNARVPALIDHGMDNLSIWESGAILLHLVNKYYKETGNPLLWSDDLADQSQINAWLFFQTSGHAPMIGQALHFRYFHSQKIASAVERYTDEVRRVYGVVEMALAERREALVMELDTENAAAYSAGTTPMSQSRFFDYPVWLVGDKLTIADLAFVPWNNVVDRIGINIKIEFPEVYKWTKHMMRRPAVIKALRGE
YNL016W	PUB1	ATGTCTGAAAATAACGAAGAACAACATCAACAACAACAACAACAGCAACCTGTTGCCGTCGAAACTCCCTCGGCAGTTGAAGCTCCAGCATCAGCAGATCCTTCTTCTGAACAGAGCGTCGCTGTCGAAGGCAATTCTGAACAAGCTGAAGACAATCAGGGTGAAAATGATCCTTCCGTAGTTCCTGCTAATGCTATTACCGGTGGTAGGGAAACTTCCGATAGAGTTTTATATGTTGGTAACCTAGACAAAGCTATCACCGAAGACATTTTAAAGCAATATTTCCAAGTTGGCGGACCAATTGCTAACATCAAAATCATGATCGATAAGAATAATAAGAACGTCAATTACGCTTTTGTTGAATACCATCAATCTCACGATGCCAATATTGCCTTACAAACATTGAACGGCAAACAAATTGAAAACAACATTGTCAAAATCAACTGGGCCTTCCAATCCCAACAGAGTTCCTCCGATGATACATTTAACTTGTTTGTCGGTGATTTGAATGTTAATGTTGATGACGAAACTTTAAGGAATGCCTTCAAAGACTTCCCATCCTACTTGAGTGGTCATGTTATGTGGGACATGCAAACTGGTAGTTCAAGAGGTTACGGTTTTGTTTCCTTTACTTCTCAAGATGATGCACAAAATGCCATGGACAGCATGCAAGGTCAAGATTTGAATGGTAGACCGCTAAGAATCAACTGGGCTGCTAAGCGTGATAACAATAACAATAATAATTATCAACAGCGTCGTAACTACGGTAACAACAACCGTGGTGGTTTCCGTCAATATAACAGTAACAACAATAACAACATGAATATGGGGATGAATATGAACATGAATATGAATATGAACAACAGCAGGGGCATGCCACCAAGTTCAATGGGAATGCCAATTGGCGCCATGCCATTACCATCTCAAGGCCAACCCCAACAATCCCAGACCATTGGTTTACCTCCTCAAGTAAATCCTCAAGCTGTTGACCACATCATTAGAAGTGCCCCACCAAGAGTTACTACTGCCTATATCGGTAATATTCCGCACTTTGCCACTGAAGCTGATTTAATTCCGTTGTTCCAGAACTTCGGTTTTATTTTAGATTTCAAGCACTATCCAGAAAAGGGCTGTTGCTTCATAAAGTATGACACTCATGAACAGGCCGCTGTTTGTATTGTTGCCTTGGCAAACTTCCCATTTCAAGGCAGAAACTTGAGAACCGGTTGGGGTAAGGAAAGATCAAATTTTATGCCACAGCAGCAGCAACAGGGCGGTCAGCCACTTATAATGAATGACCAACAACAACCGGTTATGTCTGAGCAACAACAGCAACAGCAGCAACAGCAGCAACAACAATAA	MSENNEEQHQQQQQQQPVAVETPSAVEAPASADPSSEQSVAVEGNSEQAEDNQGENDPSVVPANAITGGRETSDRVLYVGNLDKAITEDILKQYFQVGGPIANIKIMIDKNNKNVNYAFVEYHQSHDANIALQTLNGKQIENNIVKINWAFQSQQSSSDDTFNLFVGDLNVNVDDETLRNAFKDFPSYLSGHVMWDMQTGSSRGYGFVSFTSQDDAQNAMDSMQGQDLNGRPLRINWAAKRDNNNNNNYQQRRNYGNNNRGGFRQYNSNNNNNMNMGMNMNMNMNMNNSRGMPPSSMGMPIGAMPLPSQGQPQQSQTIGLPPQVNPQAVDHIIRSAPPRVTTAYIGNIPHFATEADLIPLFQNFGFILDFKHYPEKGCCFIKYDTHEQAAVCIVALANFPFQGRNLRTGWGKERSNFMPQQQQQGGQPLIMNDQQQPVMSEQQQQQQQQQQQQ
YOR104W	PIN2	ATGAACGTTTGCAAGTTGAAAGAAATAGTACCACTATTTCCGAGATCGTCCTTTACAGATGGTGTAGTAAGTACAGGAAAAAGTTTCCGAAGCTGGGACACCTGCATGGACAATAAAGCATGTAAAATTATTGCGATTGTTGGTATTGTTTTGGCCTGTATTCTTGTGATTTGGTTGATTGGGGGCTTACTGACATGTTTCAGGCAAGGGGTAACAGGAATAGGTCAGTTCATTTGTTGGTGTTGTCGTTGTTCTAATGACAGAAATGGAAACAATACAATGCCGGTAAATGAGGGTTTTAGTAGAGTTAATATGGGCGTGGCTCCTCCTTCTACTGTGATTTATCAGCCTATTCAACAACCTGAAAGTGCGTATTATAGAAACGATGCGAAGAATGATACATTTTACGACGAAGTCAAAACTCCCAGTAATGAGGTGTATGAATTAGAGGAAGATTTCGATTTGGAAAAACAAAAAGAGAAAACAAGGAAAAAACAACAGAAGGAAAGAAATAAAGAAGGACGCAGCCCTAGTAGGGTGGCCCCTCTAGTGTATGAAGAAGAAAATTTCGAAGGTAGCAGCCCTCAGCCGCAATATGATGCTAGAAATTCGTTTATCCAAAATGCGGCCAATACTGGTAGCAACAACGCTCATGTTGCTTCACAATCTCCAATTTTTGACATCAGCGATTATGGCGAGAACTATTATTACGATAATAATAACATCAATAATAACCTCCAGGGAAACAGTTACAATACTCCCTCCTCTAATCATAGAAGTCCATATCCAACCGAAAATTATCAATCATATCAGGGATATAAACCAAACCAAAGCGATAGATATTACTAA	MNVCKLKEIVPLFPRSSFTDGVVSTGKSFRSWDTCMDNKACKIIAIVGIVLACILVIWLIGGLLTCFRQGVTGIGQFICWCCRCSNDRNGNNTMPVNEGFSRVNMGVAPPSTVIYQPIQQPESAYYRNDAKNDTFYDEVKTPSNEVYELEEDFDLEKQKEKTRKKQQKERNKEGRSPSRVAPLVYEEENFEGSSPQPQYDARNSFIQNAANTGSNNAHVASQSPIFDISDYGENYYYDNNNINNNLQGNSYNTPSSNHRSPYPTENYQSYQGYKPNQSDRYY
YOR113W	AZF1	ATGCCTCCTCCAACTGCACAGTTCATGGGCCCTACGCAGGCGGGACAAAATGAAAGCCAAAATCAATCATCAGGCGAAGCTGGGGAGCAAAACCAGGAGCATGGGCAAGGCCCTACTCCTATTCTTAATCAAAGTCAACCGGCTTCTTCTCAACCGCAACATCAACAACAAAGGAATGAGTCGATTTCATATTATACAAATTTCAACCAGCCACGATATTCCACGGACGCCTCTATCAACTCATTCTTGAACATATCTGATAACGTACCAGTAACAAGTACAGGAGGACCTAGTTCTGGCGGCGCCTATTCCAATCTTCCACGATTATCCACTTCAAGTACACATCAACCGCCAGACCTGTCGCAAATCGGACGCGGCTTTTCCATTGTAAACAACCTCTTCCCACAACAACAGCAGCTTCAAAATCAGCATCGGCAACAGCAGCAACAACAACAACAGCAGTCGCACCAGCAGCCTCCCTTCAAGACCCCTTCATTTTCGACGGGATTAACGGGAAGTTCTTCTCAATATCAATTTTTACCAAGAAATGATAATACTTCGCAGCCACCTTCAAAAAGAAACTCTGTTTATCTTGGACCTAATGATGGGCCTGATTTTGAATTTTTCAGTATGCAGCAGTCACAGCAACCGCAGTTCCAGCCTAGCAGTAGAAGAGAATCAAACTCTATGAGACCTCCACTGTTAATACCTGCAGCAACTACTAAAAGCCAGTCCAATGGCACCAATAATAGTGGGAATATGAACACAAATGCAGATTATGAATCATTTTTTAATACTGGTACAAACAACAGTAATTCTAATCAGAACCCGTACTTTTTGAGTTCAAGAAATAATTCTTTGAAGTTTAATCCTGAAGATTTCGATTTTCAATTCAAAAGGCGGAATTCTTTTGTTAGAGGTACTTTGGACCATAGCAGCCAAAATGCGTTTATACCTGAATCAAGATTAAACTCACTATCCGTTAACAACAAAGCTAATGGTGATCCTGTCGCGGATAATGTTACCAATAACATGAAAGGAAAAAGTAATGAAGTTGACAATGATGATGGCAATGACAGTAGCAATAACAATAACAACAACAACAACAACAACAACAATGAAAACAACAATGACAACAATAATGATAATAACGACAATAGTATTAATTCCGCCACCAGTACTAATATCCCAAACCAAGAGGACCATAGCCTTGCTTCTACCGATACCACAAGCAATAGTAGGAAAGATCTAAAAGAAATAGAACAAAGACTTCGAAAACATTTGAATGATGAGGATAATTACTCTAGTGCTATATCAAGACCATTGGATAAAAACGACGTAATTGAAGGCAGTGAGGGATTGAACAAACATATAGACGAGTCTGGTATGCAACCTAATATTATCAAGAAAAGGAAAAAGGATGATTCTACTGTGTACGTCAAGAATGAGATGCCCCGTACTGATCCCCCGATGAGTAAAGACAATTCTACTTCTGCTGAAGGAGCAGCAATGGCAAACTTTTCTGGTAAAGAACCTCCTATACCTGACATAAGTTCAGTAAGTGATGATGCTACTAACCTGATAGGTGCAACAAAGGTCGACCAACTAATGTTGATTATTCAAGCAAGAAAGAAAGGTTTCACGGAGAAAGTAAATACCACTCAAGATGGAGACTTACTGTTTAACCAAACGATGGACATTTTACCACCTAAAAGCGAACTAGTAGGTGGTGTGGAGAAACCAAAAGGCACACAAAATACACGAGCAGTTAAAAAACATGAATGTCCCTATTGTCATCGGCTTTTTTCGCAAGCGACTCATCTGGAGGTTCACGTTCGTTCTCATATAGGGTACAAACCATTCGTTTGTGATTATTGTGGCAAACGTTTTACTCAGGGTGGGAACTTAAGAACTCATGAACGACTACACACAGGTGAAAAACCGTATTCATGTGATATTTGTGATAAAAAATTTTCTAGGAAAGGGAACTTAGCTGCTCACTTGGTTACTCACCAAAAATTGAAACCATTTGTTTGCAAGCTTGAAAACTGCAACAAGACCTTCACTCAACTAGGAAATATGAAGGCCCATCAAAATAGATTTCATAAGGAAACATTAAATGCCTTAACGGCAAAATTAGCTGAGATGAATCCATCTGAGAATATTCCACTTGAAGAGCGGCAACTTTTGGAGTACTTTGCGTCCATTTATAAAAATTCAAACAGGGGAATTAAAGGTAGAGGAAAAGGTGTAGGAACCAAAAAATCAACAATTTCCTCACCAGAAAACCATCCTGCGAGCACAATTTTGAATCCAAATACAAATGCAAATAATGCTATTGCTAATGATTCTGAAAATAACGGCAACCCTGAAGGTAACATTGACAGCAGTAGTAACAGCAATCCGGGCTCACATAGTATGATTTCGCCGACGCAAAAAGACATGGGTACGTTGCAATCACAATTTATCCAAAATAATTTTAACAATTCTGTGAACAGTTCGAATCCGTCCAACCAACCAATCATAAACTACAATTACACCACACTTCCTCATTCTAGATTAGGAAGTAGTAGTTCCAGCAATACCAACAATAATAACAGCAACTTTTCGGTAGGTGCAGCTCCGGGTGTATTAATGGCGCCAACCACCAATAATGACTTCAGTTTCAACTTGGATCAATCTAATGATAATGAAAGATCTCAACAAGAACAAGTGAGATTTAAGAACATTAATTACAAAAGCTAG	MPPPTAQFMGPTQAGQNESQNQSSGEAGEQNQEHGQGPTPILNQSQPASSQPQHQQQRNESISYYTNFNQPRYSTDASINSFLNISDNVPVTSTGGPSSGGAYSNLPRLSTSSTHQPPDLSQIGRGFSIVNNLFPQQQQLQNQHRQQQQQQQQQSHQQPPFKTPSFSTGLTGSSSQYQFLPRNDNTSQPPSKRNSVYLGPNDGPDFEFFSMQQSQQPQFQPSSRRESNSMRPPLLIPAATTKSQSNGTNNSGNMNTNADYESFFNTGTNNSNSNQNPYFLSSRNNSLKFNPEDFDFQFKRRNSFVRGTLDHSSQNAFIPESRLNSLSVNNKANGDPVADNVTNNMKGKSNEVDNDDGNDSSNNNNNNNNNNNNENNNDNNNDNNDNSINSATSTNIPNQEDHSLASTDTTSNSRKDLKEIEQRLRKHLNDEDNYSSAISRPLDKNDVIEGSEGLNKHIDESGMQPNIIKKRKKDDSTVYVKNEMPRTDPPMSKDNSTSAEGAAMANFSGKEPPIPDISSVSDDATNLIGATKVDQLMLIIQARKKGFTEKVNTTQDGDLLFNQTMDILPPKSELVGGVEKPKGTQNTRAVKKHECPYCHRLFSQATHLEVHVRSHIGYKPFVCDYCGKRFTQGGNLRTHERLHTGEKPYSCDICDKKFSRKGNLAAHLVTHQKLKPFVCKLENCNKTFTQLGNMKAHQNRFHKETLNALTAKLAEMNPSENIPLEERQLLEYFASIYKNSNRGIKGRGKGVGTKKSTISSPENHPASTILNPNTNANNAIANDSENNGNPEGNIDSSSNSNPGSHSMISPTQKDMGTLQSQFIQNNFNNSVNSSNPSNQPIINYNYTTLPHSRLGSSSSSNTNNNNSNFSVGAAPGVLMAPTTNNDFSFNLDQSNDNERSQQEQVRFKNINYKS
YOR274W	MOD5	ATGCTAAAGGGACCGCTTAAAGGTTGCTTAAATATGTCTAAAAAAGTTATAGTGATTGCTGGTACAACAGGAGTAGGAAAGTCTCAGTTGTCCATACAATTGGCACAAAAATTTAATGGCGAAGTTATCAATTCGGATTCTATGCAGGTATATAAAGATATTCCTATTATAACAAATAAACATCCGCTTCAAGAAAGAGAGGGCATTCCTCACCATGTAATGAATCACGTAGATTGGTCAGAAGAATACTATTCCCATCGTTTTGAAACTGAATGCATGAACGCTATTGAAGATATTCACCGGAGGGGTAAGATACCCATCGTTGTTGGGGGTACTCATTATTATTTGCAGACTCTTTTCAATAAGCGGGTCGATACGAAATCATCCGAACGTAAGCTCACAAGGAAGCAGCTCGATATTTTGGAATCGACTGACCCTGATGTGATTTATAACACACTTGTGAAGTGTGATCCTGATATAGCTACCAAATACCATCCTAATGACTACAGGAGGGTACAACGAATGTTGGAAATCTACTATAAGACGGGCAAAAAACCAAGCGAGACATTTAACGAACAAAAAATAACTTTGAAGTTTGATACCCTATTTTTATGGCTATACAGTAAGCCGGAGCCACTTTTCCAAAGGCTTGACGATCGTGTAGACGACATGCTAGAAAGAGGCGCCTTGCAAGAAATCAAGCAATTATATGAATATTACAGTCAAAATAAATTTACGCCGGAGCAATGCGAGAATGGTGTTTGGCAAGTTATTGGCTTCAAAGAATTCTTACCGTGGCTAACCGGGAAAACTGATGACAACACAGTAAAATTGGAGGATTGTATAGAAAGAATGAAAACGAGAACACGTCAATACGCAAAAAGGCAGGTAAAATGGATCAAGAAAATGCTGATACCTGACATCAAAGGCGATATATACTTACTGGATGCCACTGACCTTTCTCAATGGGACACGAATGCATCTCAAAGAGCGATAGCTATTTCCAATGACTTTATTAGCAATCGACCCATCAAGCAAGAAAGGGCACCTAAAGCCCTAGAGGAGCTGTTGTCTAAAGGCGAAACTACGATGAAGAAATTGGACGATTGGACACATTATACTTGCAACGTCTGTCGTAACGCAGATGGTAAGAACGTTGTAGCTATTGGCGAAAAATATTGGAAAATTCATTTGGGTAGCAGAAGACATAAATCCAACTTGAAAAGAAACACTCGTCAAGCTGATTTTGAAAAATGGAAAATAAACAAGAAGGAGACTGTGGAATGA	MLKGPLKGCLNMSKKVIVIAGTTGVGKSQLSIQLAQKFNGEVINSDSMQVYKDIPIITNKHPLQEREGIPHHVMNHVDWSEEYYSHRFETECMNAIEDIHRRGKIPIVVGGTHYYLQTLFNKRVDTKSSERKLTRKQLDILESTDPDVIYNTLVKCDPDIATKYHPNDYRRVQRMLEIYYKTGKKPSETFNEQKITLKFDTLFLWLYSKPEPLFQRLDDRVDDMLERGALQEIKQLYEYYSQNKFTPEQCENGVWQVIGFKEFLPWLTGKTDDNTVKLEDCIERMKTRTRQYAKRQVKWIKKMLIPDIKGDIYLLDATDLSQWDTNASQRAIAISNDFISNRPIKQERAPKALEELLSKGETTMKKLDDWTHYTCNVCRNADGKNVVAIGEKYWKIHLGSRRHKSNLKRNTRQADFEKWKINKKETVE
YOR359W	VTS1	ATGAAACATCCGTATGAGGAATTCCCCACAGGTTCCAAGTCACCATATAACATGTCTAGAGGAGCTCATCCAGGCGCCGTTTTGCTATCACCACAATCTTCTGCCATAAACAAGAACAATCCGGGCAGCAATTCTGGCAATAACCAGGGCAATTCATCCGTGACCGCGAATGTTTTGTCCCCTCAATCCCATAGTATGTCACTCAATGACATGCTTGATCAGCAATCCTTTATGCTAGACACTGCGGGAACCAGGGCTCAGCCGCTCCAGCAACAACAGCAGCAGCAACAACAGCAACAGCAGGCGTCGTTGCCTTCCCTTAATATTCAAACAGTTTCGTCTACAGCAGCTGGTTCTGCTATCGTTTCCCCCATGATGCAATCTCCAAAGGCGTTGCAATCTACTTTATCTTCAACATCTATGTATTTGGATTCATTTCAGAGATCTCCAAATAATATTTTGGGTATTCCATCGCAGAGTGGTTCAATTCCTTTGCCGCAATCCCGTCAATCGCAACAACAGTCTCAATCCCAAAAAAACGATCCGAACATGGGCACCAATTTCAGCCAAGACATCAACCAATTATGTTCTTGGATATCCATGCTGAACAGCAGCCAACAAAATACTGTAATGGACAATATCCTTTCCATTTTGAATGATGATGTTTTGAAATATACTAAGTTAAAAATAGAGACTTTGACAAACACTCCCTTCATCTCCCCACCGCTACCTGCAATTGCATCACCTATACCTAATAGGGATGACACACAAATTTTGAATATTGATTCAGTCTTTTCTTCAAGTCCTATAACTAATGACCCTGAAAATACCGATAACTTGTTGTATCAAAATTGGTCCCCTCAGCCACATTCAATACCAATTAGCCAACCCATATATGACAACATCACCGACGCTAGTCAAAGGTCCAAGTCGGCTGAGCCTCATGTTAATTCAAGCCCAAATCTCATTCCTGTCCAGAAACAATTCAACAACGGTAACAGTACCAAATATAAAAAGTTGCCATCAGAGAATCCCAACTATCTTTCTCACTCTCTCTCAAGTTCCCATTCTTTTTTCCAACCAAAGAAAAGGTCTAACATGGGAAATGAGTACAATTCTCATCACCATCATTCATTGCATCATCCTCTGCATAATACCACCTCATATTTTTCGAATACTTCAAGACCATCAGGAACTGATTTGAATAAGTCCAACCAGAACGTGTTCAATAATACCATTACGCATCCTAATGCTGGTCCTACAAGTGCCACATCGACATCTACATCATCTAACGGAAACACTCCTTTATCGAGTAACTCTTCGATGAATCCAAAGAGTTTGACAGACCCCAAGCTACTAAAAAATATACCCATGTGGTTAAAATCGTTAAGACTACACAAGTATTCAGATGCCTTAAGCGGAACCCCGTGGATCGAATTGATTTACTTAGATGACGAGACTTTAGAAAAAAAAGGCGTTCTTGCCTTGGGTGCAAGGAGAAAATTGTTGAAGGCTTTTGGAATCGTTATTGATTACAAAGAACGTGATTTAATTGATAGATCTGCTTATTAA	MKHPYEEFPTGSKSPYNMSRGAHPGAVLLSPQSSAINKNNPGSNSGNNQGNSSVTANVLSPQSHSMSLNDMLDQQSFMLDTAGTRAQPLQQQQQQQQQQQQASLPSLNIQTVSSTAAGSAIVSPMMQSPKALQSTLSSTSMYLDSFQRSPNNILGIPSQSGSIPLPQSRQSQQQSQSQKNDPNMGTNFSQDINQLCSWISMLNSSQQNTVMDNILSILNDDVLKYTKLKIETLTNTPFISPPLPAIASPIPNRDDTQILNIDSVFSSSPITNDPENTDNLLYQNWSPQPHSIPISQPIYDNITDASQRSKSAEPHVNSSPNLIPVQKQFNNGNSTKYKKLPSENPNYLSHSLSSSHSFFQPKKRSNMGNEYNSHHHHSLHHPLHNTTSYFSNTSRPSGTDLNKSNQNVFNNTITHPNAGPTSATSTSTSSNGNTPLSSNSSMNPKSLTDPKLLKNIPMWLKSLRLHKYSDALSGTPWIELIYLDDETLEKKGVLALGARRKLLKAFGIVIDYKERDLIDRSAY
YPL226W	NEW1	ATGCCTCCAAAGAAGTTTAAGGATCTAAACTCTTTCCTTGACGACCAACCAAAGGACCCAAATCTAGTCGCTTCTCCCTTCGGTGGTTATTTTAAAAACCCTGCTGCTGATGCCGGTAGTAATAACGCTTCCAAAAAAAGTAGCTACCAACAACAGCGTAATTGGAAACAGGGGGGCAACTACCAACAAGGTGGTTACCAATCGTATAACAGTAATTACAACAATTACAACAACTACAACAACTACAACAATTATAACAACTACAATAACTATAATAAATACAATGGCCAGGGCTATCAAAAATCTACTTACAAACAATCGGCTGTGACGCCCAACCAAAGTGGAACTCCAACTCCATCTGCTTCTACTACATCTTTGACCTCTTTGAATGAAAAGCTGTCGAACTTAGAGTTAACACCCATCTCTCAATTTTTGTCAAAGATACCTGAATGTCAAAGTATCACTGATTGCAAAAATCAAATCAAACTAATCATTGAAGAATTTGGCAAAGAAGGTAACAGTACGGGTGAGAAAATTGAAGAGTGGAAAATCGTCGATGTTCTATCTAAATTCATCAAACCTAAGAATCCATCATTAGTTAGAGAATCTGCCATGCTAATAATTTCCAACATTGCTCAATTTTTCAGTGGAAAGCCACCACAGGAAGCATACTTGCTACCATTCTTCAATGTCGCACTTGACTGTATTTCAGATAAAGAGAATACAGTCAAACGTGCCGCGCAACATGCCATTGATTCTTTGTTGAATTGCTTTCCAATGGAGGCTTTAACCTGTTTTGTACTGCCTACGATTTTGGATTACTTATCATCTGGTGCCAAATGGCAAGCTAAAATGGCCGCTCTAAGCGTTGTAGATAGAATAAGAGAAGATTCGGCGAACGATTTATTGGAACTTACTTTCAAAGATGCAGTTCCAGTTTTAACCGATGTAGCAACTGATTTCAAACCTGAATTGGCCAAACAAGGTTACAAAACTTTATTGGACTACGTTTCTATTTTGGATAACTTAGATTTGTCTCCTCGTTATAAATTGATCGTGGACACCCTGCAAGATCCATCTAAGGTTCCTGAATCTGTAAAATCGTTATCCAGTGTTACATTTGTCGCTGAAGTTACGGAACCTTCACTATCTTTGTTAGTTCCTATTCTAAACAGATCTTTAAACCTATCGTCATCATCTCAAGAGCAATTAAGACAAACCGTTATTGTCGTGGAGAATTTGACAAGATTGGTGAATAATCGTAATGAAATTGAAAGCTTCATCCCTCTACTACTACCCGGTATCCAAAAGGTTGTTGATACTGCGTCCTTACCTGAAGTTCGTGAATTGGCTGAAAAGGCCCTTAACGTTCTAAAAGAAGATGACGAAGCTGATAAGGAAAACAAATTCTCAGGCAGACTGACTTTAGAAGAAGGTAGGGATTTCTTACTTGATCACCTCAAGGACATTAAAGCTGATGATTCCTGTTTTGTCAAGCCTTACATGAATGACGAAACTGTTATCAAGTATATGAGCAAGATTTTGACCGTGGATTCTAATGTGAACGACTGGAAAAGACTTGAAGATTTTTTGACCGCCGTTTTTGGTGGTTCAGATTCACAAAGAGAATTTGTCAAACAAGACTTTATCCATAACTTGAGAGCTTTATTCTACCAAGAAAAGGAAAGGGCAGATGAGGACGAAGGTATTGAGATTGTCAACACTGATTTCTCCTTAGCTTATGGTTCAAGAATGCTTTTGAACAAAACAAATCTTCGTCTCCTAAAGGGTCATCGTTACGGTTTGTGTGGTAGAAATGGTGCTGGTAAGTCTACTTTAATGAGAGCAATTGCTAATGGTCAATTGGATGGTTTTCCTGACAAGGATACATTACGCACCTGTTTCGTCGAACATAAATTGCAAGGTGAAGAAGGTGATTTAGACTTGGTTTCCTTCATTGCTTTAGATGAAGAACTGCAATCTACTTCTCGTGAGGAAATTGCAGCCGCTTTAGAATCTGTCGGTTTTGATGAAGAGAGAAGAGCACAAACTGTTGGATCTTTATCTGGTGGTTGGAAAATGAAGTTGGAATTGGCAAGAGCTATGTTACAAAAAGCTGATATTTTATTGCTGGATGAACCTACCAATCATTTAGATGTTTCGAACGTTAAATGGTTAGAAGAATACTTACTGGAACATACTGATATTACTTCATTGATTGTTTCGCATGACTCTGGTTTCTTAGATACAGTCTGTACTGACATCATCCATTATGAAAACAAGAAATTGGCTTACTACAAAGGTAACTTGGCAGCATTTGTTGAGCAGAAACCTGAAGCTAAATCTTACTATACCTTAACAGATTCTAATGCTCAAATGCGTTTCCCACCCCCAGGTATTTTAACAGGTGTTAAGTCTAACACTAGAGCCGTCGCTAAAATGACTGATGTAACTTTCTCTTATCCAGGTGCCCAAAAGCCTTCCTTAAGCCATGTCTCCTGTTCATTGTCTCTGTCTTCTCGTGTGGCTTGTTTAGGTCCTAACGGTGCTGGTAAATCCACTTTGATCAAGCTATTAACTGGTGAATTGGTTCCAAATGAAGGTAAAGTGGAAAAACATCCAAATTTACGTATTGGTTATATTGCTCAGCATGCATTGCAACACGTCAATGAACATAAGGAAAAGACGGCAAACCAATATTTGCAATGGCGTTATCAATTCGGTGACGACCGTGAAGTCTTATTGAAGGAATCCAGAAAAATATCCGAAGATGAAAAGGAAATGATGACAAAGGAAATCGACATTGATGACGGTAGAGGTAAGAGAGCCATTGAAGCTATTGTAGGTAGACAAAAGTTGAAAAAATCTTTCCAATATGAGGTCAAATGGAAATACTGGAAACCAAAATACAACTCCTGGGTTCCAAAAGATGTTTTGGTCGAGCATGGCTTTGAAAAATTGGTTCAAAAATTCGACGATCACGAAGCCTCCAGAGAAGGGTTGGGTTACCGTGAATTAATTCCTTCAGTTATCACCAAACATTTTGAAGACGTTGGTCTTGATTCTGAAATTGCTAACCATACTCCATTAGGTTCTTTATCTGGTGGTCAATTAGTTAAAGTCGTTATTGCCGGTGCTATGTGGAACAACCCTCATTTACTTGTTTTGGATGAACCTACCAACTATTTGGACAGAGACTCTCTTGGTGCTTTGGCCGTTGCTATTCGTGACTGGAGTGGTGGTGTCGTTATGATTTCGCATAATAACGAATTTGTTGGTGCTTTATGTCCTGAACAATGGATTGTGGAGAACGGTAAAATGGTTCAAAAGGGCTCTGCACAAGTTGACCAATCCAAATTCGAAGATGGTGGTAATGCTGATGCCGTTGGTCTAAAGGCCTCCAACTTGGCCAAGCCATCTGTAGATGACGATGATTCTCCAGCTAACATCAAGGTCAAGCAAAGAAAGAAGAGATTGACAAGAAATGAAAAGAAGCTGCAAGCCGAACGTCGTCGTCTACGTTACATTGAGTGGTTGTCATCGCCAAAAGGTACACCAAAACCAGTTGATACTGACGATGAAGAAGATTGA	MPPKKFKDLNSFLDDQPKDPNLVASPFGGYFKNPAADAGSNNASKKSSYQQQRNWKQGGNYQQGGYQSYNSNYNNYNNYNNYNNYNNYNNYNKYNGQGYQKSTYKQSAVTPNQSGTPTPSASTTSLTSLNEKLSNLELTPISQFLSKIPECQSITDCKNQIKLIIEEFGKEGNSTGEKIEEWKIVDVLSKFIKPKNPSLVRESAMLIISNIAQFFSGKPPQEAYLLPFFNVALDCISDKENTVKRAAQHAIDSLLNCFPMEALTCFVLPTILDYLSSGAKWQAKMAALSVVDRIREDSANDLLELTFKDAVPVLTDVATDFKPELAKQGYKTLLDYVSILDNLDLSPRYKLIVDTLQDPSKVPESVKSLSSVTFVAEVTEPSLSLLVPILNRSLNLSSSSQEQLRQTVIVVENLTRLVNNRNEIESFIPLLLPGIQKVVDTASLPEVRELAEKALNVLKEDDEADKENKFSGRLTLEEGRDFLLDHLKDIKADDSCFVKPYMNDETVIKYMSKILTVDSNVNDWKRLEDFLTAVFGGSDSQREFVKQDFIHNLRALFYQEKERADEDEGIEIVNTDFSLAYGSRMLLNKTNLRLLKGHRYGLCGRNGAGKSTLMRAIANGQLDGFPDKDTLRTCFVEHKLQGEEGDLDLVSFIALDEELQSTSREEIAAALESVGFDEERRAQTVGSLSGGWKMKLELARAMLQKADILLLDEPTNHLDVSNVKWLEEYLLEHTDITSLIVSHDSGFLDTVCTDIIHYENKKLAYYKGNLAAFVEQKPEAKSYYTLTDSNAQMRFPPPGILTGVKSNTRAVAKMTDVTFSYPGAQKPSLSHVSCSLSLSSRVACLGPNGAGKSTLIKLLTGELVPNEGKVEKHPNLRIGYIAQHALQHVNEHKEKTANQYLQWRYQFGDDREVLLKESRKISEDEKEMMTKEIDIDDGRGKRAIEAIVGRQKLKKSFQYEVKWKYWKPKYNSWVPKDVLVEHGFEKLVQKFDDHEASREGLGYRELIPSVITKHFEDVGLDSEIANHTPLGSLSGGQLVKVVIAGAMWNNPHLLVLDEPTNYLDRDSLGALAVAIRDWSGGVVMISHNNEFVGALCPEQWIVENGKMVQKGSAQVDQSKFEDGGNADAVGLKASNLAKPSVDDDDSPANIKVKQRKKRLTRNEKKLQAERRRLRYIEWLSSPKGTPKPVDTDDEED
YPL016W	SWI1	ATGGATTTCTTTAATTTGAATAATAATAATAATAATAATAATACTACTACTACTACTACTACTACCAATAACAATAATACTAATAATAATAATACTAATAATAATAATAATCCTGCTAATAATACCAATAACAACAATAGCACAGGCCATAGTAGTAATACTAATAACAATACTAATAACAACAATACGAATACCGGAGCCAGTGGTGTAGACGATTTTCAGAATTTTTTCGACCCAAAACCTTTTGACCAGAATTTGGATTCCAACAATAACAACAGTAATAGTAATAACAATGATAACAATAACAGTAACACGGTAGCCTCCAGCACGAACTTTACTTCTCCAACAGCAGTCGTTAATAATGCCGCTCCTGCTAATGTTACCGGTGGAAAAGCTGCTAATTTCATTCAGAACCAGTCTCCCCAATTCAATTCTCCATATGACTCAAACAATTCCAACACAAATTTAAACAGCCTGTCTCCTCAGGCTATTTTAGCCAAGAATTCAATCATTGATTCTTCCAATTTACCTCTTCAAGCTCAACAACAGCTATATGGCGGTAACAATAATAATAATAGCACCGGAATTGCGAACGATAATGTAATAACACCCCATTTTATCACCAATGTTCAATCCATCAGTCAAAATTCCTCATCTTCTACTCCGAACACAAACTCTAACTCTACTCCGAATGCAAATCAACAATTTTTGCCATTCAATAACAGTGCTTCCAATAATGGTAATTTGACGTCTAACCAGCTTATTTCTAATTACGCTGCTTCAAATTCAATGGACAGATCATCCTCTGCAAGCAATGAATTTGTTCCGAACACAAGTGACAACAACAACAACAGTAATAACCATAATATGCGTAATAACAGCAATAATAAAACGAGCAATAACAATAATGTCACTGCCGTGCCTGCTGCAACTCCCGCTAATACCAATAATTCAACTTCAAACGCAAATACAGTGTTCTCTGAAAGAGCTGCAATGTTTGCCGCTTTGCAGCAAAAGCAGCAGCAACGTTTTCAGGCTCTACAGCAGCAGCAGCAGCAGCAACAAAATCAACAACAGCAAAATCAACAACCACAACAGCAACAACAGCAACAACAGAATCCCAAATTTTTGCAGAGTCAACGGCAGCAACAACAAAGATCTATTTTACAAAGTCTGAACCCGGCATTACAAGAGAAAATATCTACTGAATTGAATAACAAACAATATGAACTTTTTATGAAATCTTTGATTGAAAACTGTAAAAAAAGAAATATGCCGTTACAATCAATACCAGAAATCGGCAACAGAAAAATAAATCTTTTTTATCTTTATATGTTGGTTCAAAAATTCGGTGGTGCAGATCAAGTAACAAGGACCCAACAGTGGTCTATGGTGGCCCAAAGGCTGCAAATTTCCGATTACCAACAATTAGAATCAATCTATTTTAGAATTTTATTACCTTACGAAAGACACATGATTTCCCAAGAAGGTATAAAGGAAACTCAAGCGAAAAGAATATTCTTGCAACAGTTCTTACAAGAACTATTGAAGAAAGTTCAACAACAGCAGCAGGCCGCTGCATTGGCCAATGCCAACAATAACATTAATAGTGCATCGTCAGCACCAACCCCCGCGGCTCCTGGCGCGTCCGTTCCTGCTACAGCAGCACCAGGAACAGAAGCAGGGATCGTTCCGGTTTCAGCAAACACTCCAAAAAGCTTGAATAGCAATATTAATATCAACGTAAATAATAACAATATTGGCCAACAGCAAGTTAAGAAGCCAAGAAAGCAAAGAGTGAAAAAAAAGACCAAAAAGGAATTGGAACTAGAACGTAAAGAAAGGGAGGATTTTCAGAAACGACAACAAAAACTTTTAGAGGATCAACAAAGGCAACAGAAATTGCTATTAGAGACAAAATTACGTCAACAATATGAAATCGAACTAAAAAAATTGCCTAAAGTCTACAAGAGATCAATTGTTAGGAACTACAAACCCCTAATCAACCGCCTCAAGCATTACAATGGTTACGATATCAATTACATCTCTAAAATAGGAGAGAAAATAGATTCCAACAAGCCAATTTTTCTCTTCGCGCCAGAGTTAGGTGCAATTAATTTACATGCTTTATCAATGTCCCTCCAATCGAAGAATCTTGGAGAAATAAACACCGCCTTGAACACCTTGTTGGTCACAAGCGCTGACTCGAACTTAAAAATATCTCTGGTCAAATACCCTGAATTATTAGACTCCTTGGCAATACTCGGCATGAATTTACTGTCAAATTTGTCACAAAATGTTGTTCCATACCATCGAAACACTTCTGACTATTATTATGAGGATGCTGGATCAAATCAATACTATGTTACCCAACACGATAAAATGGTTGATAAAATTTTTGAAAAGGTAAACAACAACGCTACACTTACACCGAATGATTCTAACGATGAAAAAGTCACTATCCTGGTAGATTCTTTAACAGGTAATCAATTGCCCACCCCTACTCCTACTGAAATGGAGCCTGATCTCGACACTGAATGTTTTATAAGTATGCAGTCGACATCTCCCGCAGTTAAACAGTGGGACTTATTGCCTGAACCAATAAGATTCCTCCCTAACCAATTTCCTTTGAAAATTCACAGAACTCCTTATTTGACTTCTTTGAAAAAAATCAAGGATGAAATTGATGATCCATTTACAAAAATAAATACCAGAGGGGCAGAGGATCCCAAAGTTCTGATTAACGATCAACTGTCTACCATCTCGATGATTTTGAGGAATATTTCATTCTCCGATAACAACTCCAGAATCATGTCGAGAAATTTTTACCTAAAGAGATTTATATCTGATCTACTTTGGTTAGTCTTAATCCATCCAGAAAACTTTACATGCAATAGGAAAATACTAAATTTCAAGAAGGATTTGGTTATTGTTTTATCAAATATTTCTCATTTATTAGAGATCGCTTCGTCCATTGATTGCTTGTTAATTCTTATTCTAGTCATAAGTTTTGGTCAACCAAAACTCAATCCAATGGCGTCTTCGTCATCATTTGGCTCTGAATCTTTGACCTTCAACGAATTCCAGTTGCAATGGGGAAAATATCAAACTTTCGGTGTAGATATTTTGGCCAAATTATTTTCATTGGAAAAACCGAACCTAAATTATTTCAAATCAATCCTTCTGAACAAAAACACAGGTAACAACCTCTATGATCGCAACAGTAACAACAACCACAAGGACAAAAAGTTGTTACGAAGACTTTTGAATTTATACAATGATAACAATAAAAATAATAACAATAGGCACAACTTGCTAAATGATGTGGTTTCGTTTTTATTTTCTGCCATACCGCTGCAGCAAGTGTTATCGCAATCAGCTGATCCAAGTTTGCTGATCGACCAATTTTCTCCGGTAATTTCTCAGAGTCTAACTAGCATCTTAGTCATTGTACAAAAAATATTGCCGTTATCCAATGAAGTATTTGAAATCAGTGAGAATAATTCAGACAGTAACAGTAACAATAACGGCAACAAAGATTCTAGCTTCAATTTCAACAAGAATTTACCATTTGTGTGGTTGAGCTCTGAAGAAAATATTGGATCTGGACTATTGAAGTTAAGTGAGATAATATTGAATATTAACAATTCCACAAGTAAGAATACTTTGTTACAGCAACAAAATTATTCAAAGGTGCTCCTACCGTCAATTAACATATCCTGTGTTCAGTTAATCAAATGTTTGGTTGAAAAAAGTATTTGTTTTGAAAACTGCCTAAACAACGACCCGGAAATATTAAAAAAAATAGCATCGATTCCAAATTTGTTCCCCACGGATTTAGAAATTTTCCAGTTATTCACTAATCCATCAGTTGATATTCAAATAATAAACCAGTATCAATTACTTTACAATTTAAAAAATGATATCCTAACCAATTTGGAATGA	MDFFNLNNNNNNNNTTTTTTTTNNNNTNNNNTNNNNNPANNTNNNNSTGHSSNTNNNTNNNNTNTGASGVDDFQNFFDPKPFDQNLDSNNNNSNSNNNDNNNSNTVASSTNFTSPTAVVNNAAPANVTGGKAANFIQNQSPQFNSPYDSNNSNTNLNSLSPQAILAKNSIIDSSNLPLQAQQQLYGGNNNNNSTGIANDNVITPHFITNVQSISQNSSSSTPNTNSNSTPNANQQFLPFNNSASNNGNLTSNQLISNYAASNSMDRSSSASNEFVPNTSDNNNNSNNHNMRNNSNNKTSNNNNVTAVPAATPANTNNSTSNANTVFSERAAMFAALQQKQQQRFQALQQQQQQQQNQQQQNQQPQQQQQQQQNPKFLQSQRQQQQRSILQSLNPALQEKISTELNNKQYELFMKSLIENCKKRNMPLQSIPEIGNRKINLFYLYMLVQKFGGADQVTRTQQWSMVAQRLQISDYQQLESIYFRILLPYERHMISQEGIKETQAKRIFLQQFLQELLKKVQQQQQAAALANANNNINSASSAPTPAAPGASVPATAAPGTEAGIVPVSANTPKSLNSNININVNNNNIGQQQVKKPRKQRVKKKTKKELELERKEREDFQKRQQKLLEDQQRQQKLLLETKLRQQYEIELKKLPKVYKRSIVRNYKPLINRLKHYNGYDINYISKIGEKIDSNKPIFLFAPELGAINLHALSMSLQSKNLGEINTALNTLLVTSADSNLKISLVKYPELLDSLAILGMNLLSNLSQNVVPYHRNTSDYYYEDAGSNQYYVTQHDKMVDKIFEKVNNNATLTPNDSNDEKVTILVDSLTGNQLPTPTPTEMEPDLDTECFISMQSTSPAVKQWDLLPEPIRFLPNQFPLKIHRTPYLTSLKKIKDEIDDPFTKINTRGAEDPKVLINDQLSTISMILRNISFSDNNSRIMSRNFYLKRFISDLLWLVLIHPENFTCNRKILNFKKDLVIVLSNISHLLEIASSIDCLLILILVISFGQPKLNPMASSSSFGSESLTFNEFQLQWGKYQTFGVDILAKLFSLEKPNLNYFKSILLNKNTGNNLYDRNSNNNHKDKKLLRRLLNLYNDNNKNNNNRHNLLNDVVSFLFSAIPLQQVLSQSADPSLLIDQFSPVISQSLTSILVIVQKILPLSNEVFEISENNSDSNSNNNGNKDSSFNFNKNLPFVWLSSEENIGSGLLKLSEIILNINNSTSKNTLLQQQNYSKVLLPSINISCVQLIKCLVEKSICFENCLNNDPEILKKIASIPNLFPTDLEIFQLFTNPSVDIQIINQYQLLYNLKNDILTNLE
