ID	Gene Name	Protein Sequence	Sequence
YBR112C	CYC8	PNDQGNPLNTRISAQSANATASMVQQQHPAQQTPINSSATMYSNGASPQLQAQAQAQAQAQAQAQAQAQAQAQAQAQAQAQAQAQAQAQAQAQAHAQAQAQAQAQAQAQAQAQAQQQQQQQQQQQQQQQQQQQQQQQQQQQQQQQLQPLPRQQLQQKGVSVQMLNPQQGQPYITQPTVIQAHQLQPFSTQAMEHPQSSQLPPQQQQLQSVQHPQQLQGQPQAQAPQPLIQHNVEQNVLPQ	CCTAATGATCAAGGAAATCCTTTGAACACTAGAATTTCAGCCCAATCTGCCAATGCTACTGCTTCAATGGTACAACAACAGCATCCTGCTCAACAAACGCCTATTAACTCTTCTGCAACAATGTACAGTAATGGAGCTTCCCCTCAATTACAAGCTCAAGCTCAAGCTCAAGCTCAAGCACAAGCTCAAGCACAAGCACAAGCTCAAGCACAAGCACAAGCACAAGCGCAAGCACAAGCACAAGCACAGGCGCAAGCACAGGCACAAGCACAAGCACAAGCACATGCACAAGCGCAAGCACAAGCACAAGCACAGGCACAAGCACAAGCACAGGCGCAGGCACAACAACAACAACAACAACAGCAACAACAACAACAACAACAACAACAACAACAACAACAACAACAACAACAACAACAACAACAGCAGCAGCAATTACAGCCCCTACCAAGACAACAGCTGCAGCAAAAGGGAGTTTCTGTGCAAATGTTAAATCCTCAACAAGGGCAACCATATATCACACAGCCAACAGTCATACAAGCTCACCAACTGCAACCATTTTCTACACAAGCTATGGAACATCCGCAAAGCTCTCAACTGCCACCTCAACAGCAACAACTACAATCTGTTCAACATCCACAACAACTTCAAGGCCAGCCTCAAGCCCAAGCTCCCCAACCTTTAATCCAGCATAACGTGGAACAGAACGTTTTACCTCAA
YCL028W	RNQ1	QGQGQGQGQGQGQGQGQGQGSFTALASLASSFMNSNNNNQQGQNQSSGGSSFGALASMASSFMHSNNNQNSNNSQQGYNQSYQNGNQNSQGYNNQQYQGGNGGYQQQQGQSGGAFSSLASMAQSYLGGGQTQSNQQQYNQQGQNNQQQYQQQGQNYQHQQQGQQQQQGHSSSFSALASMASSYLGNNSNSNSSYGGQQQANEYGRPQQNGQQQSNEYGRPQYGGNQNSNGQHESFNFSGNFSQQNNNGNQNRY	CAAGGTCAGGGACAAGGTCAAGGTCAAGGTCAAGGTCAAGGACAAGGTCAAGGTCAAGGTTCTTTTACTGCTTTGGCGTCTTTGGCTTCATCTTTCATGAATTCCAACAACAATAATCAGCAAGGTCAAAATCAAAGCTCCGGTGGTTCCTCCTTTGGAGCACTGGCTTCTATGGCAAGCTCTTTTATGCATTCCAATAATAATCAGAACTCCAACAATAGTCAACAGGGCTATAACCAATCCTATCAAAACGGTAACCAAAATAGTCAAGGTTACAATAATCAACAGTACCAAGGTGGCAACGGTGGTTACCAACAACAACAGGGACAATCTGGTGGTGCTTTTTCCTCATTGGCCTCCATGGCTCAATCTTACTTAGGTGGTGGACAAACTCAATCCAACCAACAGCAATACAATCAACAAGGCCAAAACAACCAGCAGCAATACCAGCAACAAGGCCAAAACTATCAGCATCAACAACAGGGTCAGCAGCAGCAACAAGGCCACTCCAGTTCATTCTCAGCTTTGGCTTCCATGGCAAGTTCCTACCTGGGCAATAACTCCAATTCAAATTCGAGTTATGGGGGCCAGCAACAGGCTAATGAGTATGGTAGACCGCAACAGAATGGTCAACAGCAATCCAATGAGTACGGAAGACCGCAATACGGCGGAAACCAGAACTCCAATGGACAGCACGAATCCTTCAATTTTTCTGGCAACTTTTCTCAACAGAACAATAACGGCAACCAGAACCGCTACTGA
YDR172W	SUP35	MSDSNQGNNQQNYQQYSQNGNQQQGNNRYQGYQAYNAQAQPAGGYYQNYQGYSGYQQGGYQQYNPDAGYQQQYNPQGGYQQYNPQGGYQQQFNPQGGRGNYKNFNYNNNLQGYQAGFQPQSQGMSLNDFQKQQKQ	ATGTCGGATTCAAACCAAGGCAACAATCAGCAAAACTACCAGCAATACAGCCAGAACGGTAACCAACAACAAGGTAACAACAGATACCAAGGTTATCAAGCTTACAATGCTCAAGCCCAACCTGCAGGTGGGTACTACCAAAATTACCAAGGTTATTCTGGGTACCAACAAGGTGGCTATCAACAGTACAATCCCGACGCCGGTTACCAGCAACAGTATAATCCTCAAGGAGGCTATCAACAGTACAATCCTCAAGGCGGTTATCAGCAGCAATTCAATCCACAAGGTGGCCGTGGAAATTACAAAAACTTCAACTACAATAACAATTTGCAAGGATATCAAGCTGGTTTCCAACCACAGTCTCAAGGTATGTCTTTGAACGACTTTCAAAAGCAACAAAAGCAG
YER040W	GLN3	PQYNHGSLGNSVSKSSLFPYNSSTSNSNINQPSINNNSNTNAQSHHSFNIYKLQNNNSSSSAMNITNNNNSNNSNIQ	CCGCAATACAACCACGGTTCCCTCGGCAACAGCGTCTCCAAATCCTCACTGTTCCCGTATAATTCCAGCACGTCCAACAGCAACATCAACCAGCCATCTATCAATAACAACTCAAATACTAATGCGCAGTCCCACCATTCCTTCAACATCTACAAACTACAAAACAACAACTCATCTTCATCCGCTATGAACATTACCAATAATAATAATAGCAACAATAGTAATATCCAG
YLR403W	SFP1	NTTNMSQIPMNSAGNTSSSVRMTNNTSSANYNLQNNMAANTKNAGHKTNTMQAHSSNATNNTSINNMHANLQSNMDSNSTIRQSQHPHHQQNIIQQQLQSNSVNHTSGAVPTPSVMGSATASSTTANPNVISITGAPNSGLSMANHSQQLHLNGNLVDAVSTNDVFLRTSNSPSRHVPHNKQINSNNNSGININNNTSHNSNINMGSKNAMVNRPHTFNNYSLNKTSRN	AACACTACCAATATGTCACAAATACCGATGAACTCTGCTGGTAACACTAGTTCATCAGTTCGTATGACAAATAATACCTCTTCTGCCAACTATAACCTGCAGAATAACATGGCCGCTAATACAAAAAATGCAGGTCATAAGACTAATACTATGCAGGCTCATAGCAGCAATGCAACTAATAACACCTCCATTAATAATATGCATGCCAATCTTCAGAGCAACATGGATTCCAACTCCACAATACGACAATCTCAGCATCCTCACCATCAGCAGAATATAATACAACAACAGTTGCAATCGAATTCTGTAAATCATACATCAGGGGCTGTACCCACACCGAGTGTAATGGGTTCAGCAACTGCGTCGTCCACAACTGCAAATCCAAATGTGATATCTATAACGGGTGCCCCCAACTCGGGCTTATCTATGGCTAATCACTCTCAACAACTACATCTGAATGGTAATCTAGTCGATGCCGTTTCAACGAATGATGTGTTTTTAAGAACGAGCAATTCTCCATCAAGACACGTTCCGCACAATAAACAAATTAACAGTAACAATAATAGTGGTATCAATATCAATAATAATACCTCACACAATTCTAATATTAACATGGGTAGTAAAAACGCCATGGTGAATCGTCCACATACTTTTAATAACTATTCCTTGAACAAAACGTCCAGGAAT
YMR070W	MOT3	MNADHHLQQQQQQRQQHQQQQHQQQQHQHQHQQQQHTILQNVSNTNNIGSDSLASQPFNTTTVSSNKDDVMVNSGARELPMPLHQQQYIYPYYQYTSNNSNNNNVTAGNNMSASPIVHNNSNNSNNSNISASDYTVANNSTSNNNNNNNNNNNNNNNIHPNQFTAAANMNSNAAAAAYYSFPTANMPIPQQDQQYMFNPASYISHYYSAVNSNNNGNNAANNGSNNSSHSAPAPAPGPPHHHHHHSNTHNNLNNGGAVNTNNAPQHHPTIITDQFQFQLQQNPSPNLNLNINPAQ	ATGAATGCGGACCATCACCTGCAACAGCAGCAGCAACAGCGACAACAGCATCAACAACAACAGCATCAACAACAACAGCATCAGCATCAGCATCAACAGCAGCAGCACACGATATTACAAAATGTGTCGAACACTAACAATATCGGCAGCGATTCGCTGGCGTCACAGCCTTTCAACACGACTACTGTTTCCTCTAACAAGGACGACGTTATGGTGAACTCTGGGGCAAGAGAACTTCCAATGCCCTTACATCAGCAGCAGTATATATACCCTTACTATCAGTATACAAGTAATAACAGTAACAACAATAATGTGACGGCTGGTAACAATATGTCTGCGTCGCCGATTGTCCATAACAACAGCAACAACAGCAACAACAGCAATATTTCTGCTTCTGATTACACTGTCGCAAACAACAGTACTAGCAATAATAACAATAATAATAATAATAACAACAATAATAACAATAATATTCACCCAAACCAGTTTACTGCGGCCGCAAATATGAACTCAAATGCTGCAGCGGCTGCTTATTACTCCTTCCCCACTGCGAATATGCCAATACCGCAACAGGATCAACAATATATGTTCAATCCTGCTTCATACATAAGCCATTACTATTCAGCAGTTAACAGCAATAACAATGGTAATAACGCCGCTAACAATGGCAGCAACAACTCTTCTCACTCAGCCCCAGCCCCGGCCCCCGGTCCACCCCATCACCATCACCATCATAGTAATACACACAACAACCTCAACAATGGTGGTGCTGTAAATACAAACAACGCTCCTCAGCACCATCCAACGATAATAACGGATCAATTTCAATTCCAACTACAACAAAACCCTTCTCCAAATTTGAATCTCAATATTAACCCGGCACAA
YMR216C	SKY1	SMPCGSSSNSKSRSIEKDLSKRCFRRPRRHTIITGSQPLPSPISSSNFFEMRAHFCGSSHNSFSSVSGNRNIPSSINNNSINNGIGIKNSNNSFLNSVPHSVTRMFINEDSNDNNNNDNSKNKNNNNNNSNNNNNEDIM	AGTATGCCCTGCGGCTCAAGCTCAAATTCCAAATCTCGTTCTATAGAGAAGGACTTGTCAAAAAGATGCTTTAGAAGACCTAGACGTCATACAATTATCACAGGGTCGCAACCATTACCTTCCCCAATTAGTTCATCAAATTTCTTTGAAATGAGGGCGCACTTTTGTGGTAGTAGTCACAATAGCTTTTCCTCCGTATCTGGGAATAGGAACATTCCATCTTCCATCAATAATAACAGTATTAATAATGGCATAGGCATTAAGAATAGCAACAATAGTTTCTTAAATTCAGTACCACATTCTGTGACCAGGATGTTCATAAATGAAGACAGTAATGATAACAACAATAATGATAATAGTAAAAATAAAAATAACAACAATAACAACAGTAACAACAATAATAACGAGGACATAATG
YNL229C	URE2	MMNNNGNQVSNLSNALRQVNIGNRNSNTTTDQSNINFEFSTGVNNNNNNNSSSNNNNVQNNNSGRNGSQNNDNENNIKNTLEQHRQQQQ	ATGATGAATAACAACGGCAACCAAGTGTCGAATCTCTCCAATGCGCTCCGTCAAGTAAACATAGGAAACAGGAACAGTAATACAACCACCGATCAAAGTAATATAAATTTTGAATTTTCAACAGGTGTAAATAATAATAATAATAACAATAGCAGTAGTAATAACAATAATGTTCAAAACAATAACAGCGGCCGCAATGGTAGCCAAAATAATGATAACGAGAATAATATCAAGAATACCTTAGAACAACATCGACAACAACAACAG
YNL016W	PUB1	RGMPPSSMGMPIGAMPLPSQGQPQQSQTIGLPPQVNPQAVDHIIRSAPPRVTTAYIGNIPHFATEADLIPLFQNFGFILDFKHYPEKGCCFIKYDTH	AGGGGCATGCCACCAAGTTCAATGGGAATGCCAATTGGCGCCATGCCATTACCATCTCAAGGCCAACCCCAACAATCCCAGACCATTGGTTTACCTCCTCAAGTAAATCCTCAAGCTGTTGACCACATCATTAGAAGTGCCCCACCAAGAGTTACTACTGCCTATATCGGTAATATTCCGCACTTTGCCACTGAAGCTGATTTAATTCCGTTGTTCCAGAACTTCGGTTTTATTTTAGATTTCAAGCACTATCCAGAAAAGGGCTGTTGCTTCATAAAGTATGACACTCAT
YOR104W	PIN2	SQSPIFDISDYGENYYYDNNNINNNLQGNSYNTPSSNHRSPYPTENYQSYQGYKPNQSDRYY	TCACAATCTCCAATTTTTGACATCAGCGATTATGGCGAGAACTATTATTACGATAATAATAACATCAATAATAACCTCCAGGGAAACAGTTACAATACTCCCTCCTCTAATCATAGAAGTCCATATCCAACCGAAAATTATCAATCATATCAGGGATATAAACCAAACCAAAGCGATAGATATTACTAA
YOR274W	MOD5	KITLKFDTLFLWLYSKPEPLFQ	AAAATAACTTTGAAGTTTGATACCCTATTTTTATGGCTATACAGTAAGCCGGAGCCACTTTTCCAA
YPL226W	NEW1	MPPKKFKDLNSFLDDQPKDPNLVASPFGGYFKNPAADAGSNNASKKSSYQQQRNWKQGGNYQQGGYQSYNSNYNNYNNYNNYNNYNNYNNYNKYNGQGYQKSTYKQSAVTPNQSGTPTPSASTTSLTSLNEKLSNLELTPISQFLSKIPECQS	ATGCCTCCAAAGAAGTTTAAGGATCTAAACTCTTTCCTTGACGACCAACCAAAGGACCCAAATCTAGTCGCTTCTCCCTTCGGTGGTTATTTTAAAAACCCTGCTGCTGATGCCGGTAGTAATAACGCTTCCAAAAAAAGTAGCTACCAACAACAGCGTAATTGGAAACAGGGGGGCAACTACCAACAAGGTGGTTACCAATCGTATAACAGTAATTACAACAATTACAACAACTACAACAACTACAACAATTATAACAACTACAATAACTATAATAAATACAATGGCCAGGGCTATCAAAAATCTACTTACAAACAATCGGCTGTGACGCCCAACCAAAGTGGAACTCCAACTCCATCTGCTTCTACTACATCTTTGACCTCTTTGAATGAAAAGCTGTCGAACTTAGAGTTAACACCCATCTCTCAATTTTTGTCAAAGATACCTGAATGTCAAAGT
YPL016W	SWI1	MDFFNLNNNNNNNNTTTTTTTTNNNNTNNNNTNNNNNPANNTNNNNSTGHSSNTNNNTNNNNTNTGASGVDDFQNFFDPKPFDQNLDSNNNNSNSNNNDNNNSNTVASSTNFTSPTAVVNNAAPANVTGGKAANFIQNQSPQFNSPYDSNNSNTNLNSLSPQAILAKNSIIDSSNLPLQAQQQLYGGNNNNNSTGIANDNVITPHFITNVQSISQNSSSSTPNTNSNSTPNANQQFLPFNNSASNNGNLTSNQLISNYAASNSMDRSSSASNEFVPNTSDNNNNSNNHNMRNNSNNKTSNNNNVTAVPAATPANTNNSTSNAN	ATGGATTTCTTTAATTTGAATAATAATAATAATAATAATAATACTACTACTACTACTACTACTACCAATAACAATAATACTAATAATAATAATACTAATAATAATAATAATCCTGCTAATAATACCAATAACAACAATAGCACAGGCCATAGTAGTAATACTAATAACAATACTAATAACAACAATACGAATACCGGAGCCAGTGGTGTAGACGATTTTCAGAATTTTTTCGACCCAAAACCTTTTGACCAGAATTTGGATTCCAACAATAACAACAGTAATAGTAATAACAATGATAACAATAACAGTAACACGGTAGCCTCCAGCACGAACTTTACTTCTCCAACAGCAGTCGTTAATAATGCCGCTCCTGCTAATGTTACCGGTGGAAAAGCTGCTAATTTCATTCAGAACCAGTCTCCCCAATTCAATTCTCCATATGACTCAAACAATTCCAACACAAATTTAAACAGCCTGTCTCCTCAGGCTATTTTAGCCAAGAATTCAATCATTGATTCTTCCAATTTACCTCTTCAAGCTCAACAACAGCTATATGGCGGTAACAATAATAATAATAGCACCGGAATTGCGAACGATAATGTAATAACACCCCATTTTATCACCAATGTTCAATCCATCAGTCAAAATTCCTCATCTTCTACTCCGAACACAAACTCTAACTCTACTCCGAATGCAAATCAACAATTTTTGCCATTCAATAACAGTGCTTCCAATAATGGTAATTTGACGTCTAACCAGCTTATTTCTAATTACGCTGCTTCAAATTCAATGGACAGATCATCCTCTGCAAGCAATGAATTTGTTCCGAACACAAGTGACAACAACAACAACAGTAATAACCATAATATGCGTAATAACAGCAATAATAAAACGAGCAATAACAATAATGTCACTGCCGTGCCTGCTGCAACTCCCGCTAATACCAATAATTCAACTTCAAACGCAAAT
